sale_id,sale_date,customer_name,email,region_name,product_name,category,quantity,sale_amount
3,2024-06-11,Karan Verma,karan.verma@example.com,Central,Laptop,Electronics,1,75000.0
94,2023-08-28,Priya Kumar,priya.kumar@example.com,Central,Laptop,Electronics,2,150000.0
112,2023-01-29,Pooja Reddy,pooja.reddy@example.com,Central,Laptop,Electronics,2,150000.0
169,2024-11-17,Arjun Verma,arjun.verma@example.com,Central,Laptop,Electronics,5,375000.0
323,2023-08-16,Amit Verma,amit.verma@example.com,Central,Laptop,Electronics,3,225000.0
382,2024-08-06,Ravi Patel,ravi.patel@example.com,Central,Laptop,Electronics,3,225000.0
447,2023-03-15,Rahul Gupta,rahul.gupta@example.com,Central,Laptop,Electronics,5,375000.0
448,2023-07-14,Pooja Reddy,pooja.reddy@example.com,Central,Laptop,Electronics,3,225000.0
468,2024-04-14,Simran Singh,simran.singh@example.com,Central,Laptop,Electronics,5,375000.0
548,2024-09-23,Arjun Verma,arjun.verma@example.com,Central,Laptop,Electronics,2,150000.0
550,2024-07-27,Ravi Kumar,ravi.kumar@example.com,Central,Laptop,Electronics,2,150000.0
587,2024-08-08,Ravi Singh,ravi.singh@example.com,Central,Laptop,Electronics,2,150000.0
716,2023-05-03,Neha Verma,neha.verma@example.com,Central,Laptop,Electronics,3,225000.0
795,2024-05-31,Amit Verma,amit.verma@example.com,Central,Laptop,Electronics,2,150000.0
845,2023-11-02,Simran Iyer,simran.iyer@example.com,Central,Laptop,Electronics,3,225000.0
944,2023-11-07,Neha Kumar,neha.kumar@example.com,Central,Laptop,Electronics,1,75000.0
946,2024-01-12,Amit Verma,amit.verma@example.com,Central,Laptop,Electronics,2,150000.0
990,2024-11-13,Rahul Reddy,rahul.reddy@example.com,Central,Laptop,Electronics,3,225000.0
4,2024-12-17,Sneha Kumar,sneha.kumar@example.com,West,Laptop,Electronics,5,375000.0
7,2023-08-31,Rahul Sharma,rahul.sharma@example.com,West,Laptop,Electronics,5,375000.0
8,2024-04-26,Priya Gupta,priya.gupta@example.com,West,Laptop,Electronics,5,375000.0
52,2023-05-31,Amit Singh,amit.singh@example.com,West,Laptop,Electronics,3,225000.0
68,2023-09-02,Simran Verma,simran.verma@example.com,West,Laptop,Electronics,1,75000.0
103,2024-02-07,Amit Singh,amit.singh@example.com,West,Laptop,Electronics,1,75000.0
137,2024-01-27,Arjun Sharma,arjun.sharma@example.com,West,Laptop,Electronics,4,300000.0
142,2024-01-07,Ravi Reddy,ravi.reddy@example.com,West,Laptop,Electronics,2,150000.0
236,2023-06-17,Pooja Chopra,pooja.chopra@example.com,West,Laptop,Electronics,3,225000.0
283,2024-08-01,Rahul Mehta,rahul.mehta@example.com,West,Laptop,Electronics,4,300000.0
304,2024-10-04,Pooja Chopra,pooja.chopra@example.com,West,Laptop,Electronics,2,150000.0
318,2023-06-16,Ravi Patel,ravi.patel@example.com,West,Laptop,Electronics,2,150000.0
391,2023-10-06,Amit Verma,amit.verma@example.com,West,Laptop,Electronics,2,150000.0
488,2024-05-29,Karan Kumar,karan.kumar@example.com,West,Laptop,Electronics,4,300000.0
542,2023-01-01,Karan Singh,karan.singh@example.com,West,Laptop,Electronics,1,75000.0
561,2024-01-23,Neha Singh,neha.singh@example.com,West,Laptop,Electronics,1,75000.0
633,2023-07-16,Neha Sharma,neha.sharma@example.com,West,Laptop,Electronics,5,375000.0
680,2023-08-20,Ravi Reddy,ravi.reddy@example.com,West,Laptop,Electronics,1,75000.0
762,2023-09-18,Karan Singh,karan.singh@example.com,West,Laptop,Electronics,2,150000.0
778,2023-12-09,Karan Patel,karan.patel@example.com,West,Laptop,Electronics,3,225000.0
817,2023-10-25,Neha Gupta,neha.gupta@example.com,West,Laptop,Electronics,2,150000.0
832,2024-11-27,Ravi Reddy,ravi.reddy@example.com,West,Laptop,Electronics,5,375000.0
876,2024-06-28,Rahul Reddy,rahul.reddy@example.com,West,Laptop,Electronics,1,75000.0
988,2023-11-23,Pooja Kumar,pooja.kumar@example.com,West,Laptop,Electronics,5,375000.0
70,2024-06-01,Priya Sharma,priya.sharma@example.com,East,Laptop,Electronics,2,150000.0
118,2024-11-21,Karan Verma,karan.verma@example.com,East,Laptop,Electronics,3,225000.0
176,2023-05-17,Karan Singh,karan.singh@example.com,East,Laptop,Electronics,1,75000.0
193,2024-04-04,Arjun Sharma,arjun.sharma@example.com,East,Laptop,Electronics,1,75000.0
334,2023-02-23,Ravi Reddy,ravi.reddy@example.com,East,Laptop,Electronics,2,150000.0
400,2023-05-01,Pooja Gupta,pooja.gupta@example.com,East,Laptop,Electronics,5,375000.0
410,2023-07-12,Ravi Singh,ravi.singh@example.com,East,Laptop,Electronics,4,300000.0
463,2023-09-12,Pooja Reddy,pooja.reddy@example.com,East,Laptop,Electronics,2,150000.0
500,2024-01-08,Amit Gupta,amit.gupta@example.com,East,Laptop,Electronics,3,225000.0
508,2024-11-04,Pooja Chopra,pooja.chopra@example.com,East,Laptop,Electronics,5,375000.0
554,2023-06-24,Simran Kumar,simran.kumar@example.com,East,Laptop,Electronics,3,225000.0
599,2024-08-28,Sneha Kumar,sneha.kumar@example.com,East,Laptop,Electronics,2,150000.0
618,2023-06-12,Arjun Kumar,arjun.kumar@example.com,East,Laptop,Electronics,4,300000.0
640,2024-10-13,Ravi Chopra,ravi.chopra@example.com,East,Laptop,Electronics,4,300000.0
644,2024-04-16,Ravi Iyer,ravi.iyer@example.com,East,Laptop,Electronics,5,375000.0
690,2023-05-31,Simran Singh,simran.singh@example.com,East,Laptop,Electronics,1,75000.0
829,2024-02-13,Amit Chopra,amit.chopra@example.com,East,Laptop,Electronics,1,75000.0
896,2024-06-01,Arjun Chopra,arjun.chopra@example.com,East,Laptop,Electronics,4,300000.0
927,2023-01-01,Ravi Reddy,ravi.reddy@example.com,East,Laptop,Electronics,5,375000.0
930,2024-01-31,Rahul Gupta,rahul.gupta@example.com,East,Laptop,Electronics,5,375000.0
29,2024-11-02,Priya Gupta,priya.gupta@example.com,South,Laptop,Electronics,2,150000.0
30,2023-11-09,Amit Chopra,amit.chopra@example.com,South,Laptop,Electronics,5,375000.0
134,2023-12-13,Amit Chopra,amit.chopra@example.com,South,Laptop,Electronics,5,375000.0
143,2024-03-01,Amit Verma,amit.verma@example.com,South,Laptop,Electronics,4,300000.0
163,2024-09-05,Simran Kumar,simran.kumar@example.com,South,Laptop,Electronics,2,150000.0
268,2024-12-23,Rahul Sharma,rahul.sharma@example.com,South,Laptop,Electronics,1,75000.0
271,2023-12-12,Simran Reddy,simran.reddy@example.com,South,Laptop,Electronics,5,375000.0
333,2023-02-12,Ravi Mehta,ravi.mehta@example.com,South,Laptop,Electronics,3,225000.0
349,2023-01-30,Priya Mehta,priya.mehta@example.com,South,Laptop,Electronics,1,75000.0
365,2024-05-07,Ravi Chopra,ravi.chopra@example.com,South,Laptop,Electronics,1,75000.0
398,2023-11-24,Ravi Verma,ravi.verma@example.com,South,Laptop,Electronics,1,75000.0
423,2024-10-06,Karan Reddy,karan.reddy@example.com,South,Laptop,Electronics,4,300000.0
436,2023-01-23,Neha Kumar,neha.kumar@example.com,South,Laptop,Electronics,3,225000.0
452,2024-08-29,Karan Reddy,karan.reddy@example.com,South,Laptop,Electronics,1,75000.0
580,2024-02-01,Sneha Reddy,sneha.reddy@example.com,South,Laptop,Electronics,2,150000.0
597,2023-05-10,Simran Mehta,simran.mehta@example.com,South,Laptop,Electronics,1,75000.0
636,2024-06-17,Priya Chopra,priya.chopra@example.com,South,Laptop,Electronics,3,225000.0
684,2024-10-01,Karan Sharma,karan.sharma@example.com,South,Laptop,Electronics,2,150000.0
698,2024-03-27,Amit Sharma,amit.sharma@example.com,South,Laptop,Electronics,3,225000.0
711,2024-06-21,Arjun Sharma,arjun.sharma@example.com,South,Laptop,Electronics,4,300000.0
719,2023-05-27,Pooja Gupta,pooja.gupta@example.com,South,Laptop,Electronics,4,300000.0
747,2023-07-31,Rahul Kumar,rahul.kumar@example.com,South,Laptop,Electronics,4,300000.0
759,2023-04-16,Simran Verma,simran.verma@example.com,South,Laptop,Electronics,1,75000.0
774,2024-09-11,Neha Kumar,neha.kumar@example.com,South,Laptop,Electronics,4,300000.0
801,2023-07-05,Arjun Verma,arjun.verma@example.com,South,Laptop,Electronics,1,75000.0
806,2023-09-05,Pooja Chopra,pooja.chopra@example.com,South,Laptop,Electronics,1,75000.0
833,2024-03-31,Sneha Iyer,sneha.iyer@example.com,South,Laptop,Electronics,4,300000.0
866,2024-08-27,Neha Reddy,neha.reddy@example.com,South,Laptop,Electronics,2,150000.0
895,2024-05-11,Arjun Chopra,arjun.chopra@example.com,South,Laptop,Electronics,1,75000.0
912,2024-11-03,Priya Mehta,priya.mehta@example.com,South,Laptop,Electronics,2,150000.0
943,2024-11-20,Neha Verma,neha.verma@example.com,South,Laptop,Electronics,4,300000.0
976,2023-02-16,Neha Iyer,neha.iyer@example.com,South,Laptop,Electronics,3,225000.0
995,2023-01-11,Rahul Sharma,rahul.sharma@example.com,South,Laptop,Electronics,3,225000.0
10,2024-03-04,Ravi Reddy,ravi.reddy@example.com,North,Laptop,Electronics,1,75000.0
19,2023-11-24,Amit Sharma,amit.sharma@example.com,North,Laptop,Electronics,1,75000.0
45,2023-09-02,Amit Singh,amit.singh@example.com,North,Laptop,Electronics,5,375000.0
98,2024-11-02,Arjun Chopra,arjun.chopra@example.com,North,Laptop,Electronics,2,150000.0
117,2023-10-21,Priya Kumar,priya.kumar@example.com,North,Laptop,Electronics,2,150000.0
170,2023-05-16,Priya Sharma,priya.sharma@example.com,North,Laptop,Electronics,3,225000.0
196,2023-08-06,Ravi Chopra,ravi.chopra@example.com,North,Laptop,Electronics,1,75000.0
217,2024-11-03,Priya Mehta,priya.mehta@example.com,North,Laptop,Electronics,4,300000.0
276,2024-11-19,Rahul Reddy,rahul.reddy@example.com,North,Laptop,Electronics,5,375000.0
284,2024-06-13,Simran Singh,simran.singh@example.com,North,Laptop,Electronics,5,375000.0
293,2023-04-30,Sneha Singh,sneha.singh@example.com,North,Laptop,Electronics,1,75000.0
295,2024-05-02,Pooja Reddy,pooja.reddy@example.com,North,Laptop,Electronics,5,375000.0
345,2024-04-28,Neha Kumar,neha.kumar@example.com,North,Laptop,Electronics,1,75000.0
541,2023-08-17,Karan Sharma,karan.sharma@example.com,North,Laptop,Electronics,5,375000.0
619,2024-09-08,Ravi Singh,ravi.singh@example.com,North,Laptop,Electronics,5,375000.0
635,2023-08-15,Sneha Kumar,sneha.kumar@example.com,North,Laptop,Electronics,5,375000.0
692,2024-09-17,Amit Verma,amit.verma@example.com,North,Laptop,Electronics,3,225000.0
745,2023-02-06,Karan Sharma,karan.sharma@example.com,North,Laptop,Electronics,1,75000.0
761,2024-08-22,Amit Chopra,amit.chopra@example.com,North,Laptop,Electronics,4,300000.0
799,2023-04-19,Pooja Verma,pooja.verma@example.com,North,Laptop,Electronics,4,300000.0
936,2023-09-14,Pooja Reddy,pooja.reddy@example.com,North,Laptop,Electronics,5,375000.0
957,2023-07-11,Karan Singh,karan.singh@example.com,North,Laptop,Electronics,2,150000.0
973,2023-11-18,Neha Patel,neha.patel@example.com,North,Laptop,Electronics,2,150000.0
21,2023-11-29,Amit Sharma,amit.sharma@example.com,Central,Mobile Phone,Electronics,5,125000.0
40,2024-09-24,Amit Chopra,amit.chopra@example.com,Central,Mobile Phone,Electronics,5,125000.0
48,2023-10-08,Karan Singh,karan.singh@example.com,Central,Mobile Phone,Electronics,5,125000.0
57,2024-04-04,Simran Singh,simran.singh@example.com,Central,Mobile Phone,Electronics,3,75000.0
90,2024-02-03,Pooja Iyer,pooja.iyer@example.com,Central,Mobile Phone,Electronics,4,100000.0
161,2024-10-09,Simran Gupta,simran.gupta@example.com,Central,Mobile Phone,Electronics,2,50000.0
270,2024-12-24,Karan Kumar,karan.kumar@example.com,Central,Mobile Phone,Electronics,2,50000.0
299,2024-12-13,Neha Verma,neha.verma@example.com,Central,Mobile Phone,Electronics,4,100000.0
303,2024-04-04,Amit Sharma,amit.sharma@example.com,Central,Mobile Phone,Electronics,4,100000.0
360,2023-11-05,Karan Singh,karan.singh@example.com,Central,Mobile Phone,Electronics,1,25000.0
361,2024-02-09,Ravi Kumar,ravi.kumar@example.com,Central,Mobile Phone,Electronics,3,75000.0
376,2023-10-19,Pooja Verma,pooja.verma@example.com,Central,Mobile Phone,Electronics,1,25000.0
402,2024-07-23,Neha Iyer,neha.iyer@example.com,Central,Mobile Phone,Electronics,1,25000.0
412,2023-02-23,Neha Verma,neha.verma@example.com,Central,Mobile Phone,Electronics,4,100000.0
414,2024-03-27,Ravi Verma,ravi.verma@example.com,Central,Mobile Phone,Electronics,4,100000.0
456,2024-06-03,Arjun Chopra,arjun.chopra@example.com,Central,Mobile Phone,Electronics,3,75000.0
523,2023-02-03,Neha Verma,neha.verma@example.com,Central,Mobile Phone,Electronics,4,100000.0
536,2023-04-24,Sneha Iyer,sneha.iyer@example.com,Central,Mobile Phone,Electronics,4,100000.0
544,2023-08-16,Ravi Chopra,ravi.chopra@example.com,Central,Mobile Phone,Electronics,2,50000.0
589,2024-01-20,Neha Patel,neha.patel@example.com,Central,Mobile Phone,Electronics,1,25000.0
603,2023-08-04,Simran Mehta,simran.mehta@example.com,Central,Mobile Phone,Electronics,3,75000.0
609,2024-02-26,Sneha Reddy,sneha.reddy@example.com,Central,Mobile Phone,Electronics,5,125000.0
643,2023-01-05,Pooja Patel,pooja.patel@example.com,Central,Mobile Phone,Electronics,2,50000.0
668,2023-10-23,Karan Singh,karan.singh@example.com,Central,Mobile Phone,Electronics,4,100000.0
755,2023-12-28,Amit Chopra,amit.chopra@example.com,Central,Mobile Phone,Electronics,4,100000.0
808,2024-06-01,Simran Sharma,simran.sharma@example.com,Central,Mobile Phone,Electronics,4,100000.0
897,2024-04-19,Simran Reddy,simran.reddy@example.com,Central,Mobile Phone,Electronics,2,50000.0
981,2024-12-03,Ravi Mehta,ravi.mehta@example.com,Central,Mobile Phone,Electronics,2,50000.0
27,2024-07-27,Sneha Kumar,sneha.kumar@example.com,West,Mobile Phone,Electronics,1,25000.0
89,2023-06-24,Amit Sharma,amit.sharma@example.com,West,Mobile Phone,Electronics,2,50000.0
101,2023-11-10,Ravi Mehta,ravi.mehta@example.com,West,Mobile Phone,Electronics,2,50000.0
209,2024-11-29,Sneha Kumar,sneha.kumar@example.com,West,Mobile Phone,Electronics,3,75000.0
214,2023-03-13,Pooja Kumar,pooja.kumar@example.com,West,Mobile Phone,Electronics,5,125000.0
261,2024-11-01,Arjun Patel,arjun.patel@example.com,West,Mobile Phone,Electronics,1,25000.0
282,2023-08-11,Pooja Chopra,pooja.chopra@example.com,West,Mobile Phone,Electronics,5,125000.0
290,2023-10-24,Pooja Patel,pooja.patel@example.com,West,Mobile Phone,Electronics,5,125000.0
313,2024-01-06,Amit Sharma,amit.sharma@example.com,West,Mobile Phone,Electronics,1,25000.0
359,2023-05-06,Rahul Mehta,rahul.mehta@example.com,West,Mobile Phone,Electronics,2,50000.0
444,2024-08-31,Ravi Patel,ravi.patel@example.com,West,Mobile Phone,Electronics,3,75000.0
537,2023-11-08,Simran Kumar,simran.kumar@example.com,West,Mobile Phone,Electronics,5,125000.0
547,2023-04-15,Arjun Kumar,arjun.kumar@example.com,West,Mobile Phone,Electronics,3,75000.0
614,2024-03-09,Ravi Reddy,ravi.reddy@example.com,West,Mobile Phone,Electronics,3,75000.0
623,2024-10-02,Ravi Chopra,ravi.chopra@example.com,West,Mobile Phone,Electronics,5,125000.0
629,2024-02-02,Sneha Singh,sneha.singh@example.com,West,Mobile Phone,Electronics,5,125000.0
651,2023-10-19,Pooja Verma,pooja.verma@example.com,West,Mobile Phone,Electronics,4,100000.0
712,2024-08-28,Ravi Singh,ravi.singh@example.com,West,Mobile Phone,Electronics,4,100000.0
750,2023-05-18,Ravi Chopra,ravi.chopra@example.com,West,Mobile Phone,Electronics,1,25000.0
820,2023-12-15,Priya Kumar,priya.kumar@example.com,West,Mobile Phone,Electronics,1,25000.0
831,2023-05-17,Neha Patel,neha.patel@example.com,West,Mobile Phone,Electronics,5,125000.0
892,2024-04-29,Sneha Reddy,sneha.reddy@example.com,West,Mobile Phone,Electronics,5,125000.0
907,2023-11-22,Simran Sharma,simran.sharma@example.com,West,Mobile Phone,Electronics,1,25000.0
917,2024-03-06,Ravi Chopra,ravi.chopra@example.com,West,Mobile Phone,Electronics,3,75000.0
947,2024-12-01,Priya Sharma,priya.sharma@example.com,West,Mobile Phone,Electronics,3,75000.0
977,2024-05-10,Neha Verma,neha.verma@example.com,West,Mobile Phone,Electronics,1,25000.0
16,2023-07-02,Karan Patel,karan.patel@example.com,East,Mobile Phone,Electronics,1,25000.0
66,2023-11-30,Amit Verma,amit.verma@example.com,East,Mobile Phone,Electronics,4,100000.0
72,2023-11-11,Amit Singh,amit.singh@example.com,East,Mobile Phone,Electronics,1,25000.0
99,2024-12-25,Rahul Sharma,rahul.sharma@example.com,East,Mobile Phone,Electronics,1,25000.0
136,2024-12-06,Pooja Chopra,pooja.chopra@example.com,East,Mobile Phone,Electronics,2,50000.0
150,2023-05-10,Simran Gupta,simran.gupta@example.com,East,Mobile Phone,Electronics,3,75000.0
160,2024-08-03,Priya Kumar,priya.kumar@example.com,East,Mobile Phone,Electronics,4,100000.0
274,2024-04-14,Pooja Reddy,pooja.reddy@example.com,East,Mobile Phone,Electronics,4,100000.0
319,2024-11-05,Neha Reddy,neha.reddy@example.com,East,Mobile Phone,Electronics,1,25000.0
369,2024-05-02,Rahul Sharma,rahul.sharma@example.com,East,Mobile Phone,Electronics,3,75000.0
389,2024-04-06,Karan Sharma,karan.sharma@example.com,East,Mobile Phone,Electronics,1,25000.0
432,2024-12-22,Amit Sharma,amit.sharma@example.com,East,Mobile Phone,Electronics,2,50000.0
469,2023-03-14,Pooja Chopra,pooja.chopra@example.com,East,Mobile Phone,Electronics,4,100000.0
491,2023-04-28,Arjun Sharma,arjun.sharma@example.com,East,Mobile Phone,Electronics,2,50000.0
504,2023-07-20,Arjun Patel,arjun.patel@example.com,East,Mobile Phone,Electronics,2,50000.0
516,2023-07-27,Pooja Iyer,pooja.iyer@example.com,East,Mobile Phone,Electronics,1,25000.0
522,2024-12-06,Simran Verma,simran.verma@example.com,East,Mobile Phone,Electronics,5,125000.0
564,2024-11-28,Rahul Mehta,rahul.mehta@example.com,East,Mobile Phone,Electronics,5,125000.0
590,2023-07-06,Pooja Gupta,pooja.gupta@example.com,East,Mobile Phone,Electronics,5,125000.0
615,2024-07-07,Rahul Sharma,rahul.sharma@example.com,East,Mobile Phone,Electronics,4,100000.0
677,2023-06-20,Priya Chopra,priya.chopra@example.com,East,Mobile Phone,Electronics,3,75000.0
718,2023-08-06,Ravi Kumar,ravi.kumar@example.com,East,Mobile Phone,Electronics,4,100000.0
771,2023-05-30,Ravi Mehta,ravi.mehta@example.com,East,Mobile Phone,Electronics,5,125000.0
782,2024-10-06,Neha Iyer,neha.iyer@example.com,East,Mobile Phone,Electronics,2,50000.0
807,2024-07-15,Sneha Reddy,sneha.reddy@example.com,East,Mobile Phone,Electronics,3,75000.0
816,2023-06-03,Ravi Singh,ravi.singh@example.com,East,Mobile Phone,Electronics,3,75000.0
867,2024-01-04,Rahul Gupta,rahul.gupta@example.com,East,Mobile Phone,Electronics,3,75000.0
903,2024-11-23,Ravi Sharma,ravi.sharma@example.com,East,Mobile Phone,Electronics,3,75000.0
913,2024-09-03,Ravi Mehta,ravi.mehta@example.com,East,Mobile Phone,Electronics,4,100000.0
938,2024-01-30,Ravi Kumar,ravi.kumar@example.com,East,Mobile Phone,Electronics,4,100000.0
950,2024-08-04,Pooja Reddy,pooja.reddy@example.com,East,Mobile Phone,Electronics,3,75000.0
968,2023-07-03,Pooja Gupta,pooja.gupta@example.com,East,Mobile Phone,Electronics,4,100000.0
50,2023-01-10,Simran Gupta,simran.gupta@example.com,South,Mobile Phone,Electronics,1,25000.0
110,2024-03-27,Arjun Chopra,arjun.chopra@example.com,South,Mobile Phone,Electronics,2,50000.0
285,2023-03-06,Ravi Chopra,ravi.chopra@example.com,South,Mobile Phone,Electronics,1,25000.0
331,2024-06-18,Neha Reddy,neha.reddy@example.com,South,Mobile Phone,Electronics,3,75000.0
337,2024-03-03,Simran Gupta,simran.gupta@example.com,South,Mobile Phone,Electronics,4,100000.0
394,2023-11-24,Sneha Reddy,sneha.reddy@example.com,South,Mobile Phone,Electronics,5,125000.0
406,2023-05-20,Amit Chopra,amit.chopra@example.com,South,Mobile Phone,Electronics,2,50000.0
518,2024-12-25,Amit Chopra,amit.chopra@example.com,South,Mobile Phone,Electronics,3,75000.0
527,2023-09-05,Ravi Reddy,ravi.reddy@example.com,South,Mobile Phone,Electronics,3,75000.0
535,2023-09-05,Karan Singh,karan.singh@example.com,South,Mobile Phone,Electronics,4,100000.0
565,2024-02-01,Sneha Reddy,sneha.reddy@example.com,South,Mobile Phone,Electronics,5,125000.0
606,2023-06-03,Karan Sharma,karan.sharma@example.com,South,Mobile Phone,Electronics,1,25000.0
624,2023-08-07,Neha Patel,neha.patel@example.com,South,Mobile Phone,Electronics,2,50000.0
667,2023-12-06,Amit Chopra,amit.chopra@example.com,South,Mobile Phone,Electronics,1,25000.0
689,2023-10-03,Neha Patel,neha.patel@example.com,South,Mobile Phone,Electronics,3,75000.0
805,2024-06-21,Ravi Singh,ravi.singh@example.com,South,Mobile Phone,Electronics,1,25000.0
828,2024-05-14,Arjun Chopra,arjun.chopra@example.com,South,Mobile Phone,Electronics,1,25000.0
890,2024-11-05,Simran Verma,simran.verma@example.com,South,Mobile Phone,Electronics,2,50000.0
925,2024-03-18,Neha Verma,neha.verma@example.com,South,Mobile Phone,Electronics,5,125000.0
971,2024-12-31,Pooja Gupta,pooja.gupta@example.com,South,Mobile Phone,Electronics,2,50000.0
5,2023-03-13,Sneha Reddy,sneha.reddy@example.com,North,Mobile Phone,Electronics,1,25000.0
6,2023-06-22,Amit Patel,amit.patel@example.com,North,Mobile Phone,Electronics,3,75000.0
44,2024-07-03,Arjun Chopra,arjun.chopra@example.com,North,Mobile Phone,Electronics,4,100000.0
65,2023-03-07,Amit Chopra,amit.chopra@example.com,North,Mobile Phone,Electronics,1,25000.0
162,2023-10-03,Rahul Reddy,rahul.reddy@example.com,North,Mobile Phone,Electronics,5,125000.0
231,2024-12-22,Simran Sharma,simran.sharma@example.com,North,Mobile Phone,Electronics,3,75000.0
239,2024-02-08,Ravi Kumar,ravi.kumar@example.com,North,Mobile Phone,Electronics,1,25000.0
272,2023-02-11,Rahul Sharma,rahul.sharma@example.com,North,Mobile Phone,Electronics,2,50000.0
278,2024-02-08,Ravi Kumar,ravi.kumar@example.com,North,Mobile Phone,Electronics,5,125000.0
289,2024-06-14,Priya Sharma,priya.sharma@example.com,North,Mobile Phone,Electronics,1,25000.0
440,2023-05-25,Neha Verma,neha.verma@example.com,North,Mobile Phone,Electronics,3,75000.0
479,2024-05-05,Amit Sharma,amit.sharma@example.com,North,Mobile Phone,Electronics,2,50000.0
539,2023-12-28,Neha Kumar,neha.kumar@example.com,North,Mobile Phone,Electronics,1,25000.0
588,2023-07-24,Simran Iyer,simran.iyer@example.com,North,Mobile Phone,Electronics,3,75000.0
648,2023-03-03,Ravi Patel,ravi.patel@example.com,North,Mobile Phone,Electronics,4,100000.0
653,2024-12-09,Pooja Iyer,pooja.iyer@example.com,North,Mobile Phone,Electronics,2,50000.0
777,2024-03-03,Ravi Mehta,ravi.mehta@example.com,North,Mobile Phone,Electronics,3,75000.0
785,2023-08-02,Karan Reddy,karan.reddy@example.com,North,Mobile Phone,Electronics,5,125000.0
792,2023-11-29,Karan Patel,karan.patel@example.com,North,Mobile Phone,Electronics,4,100000.0
823,2024-07-03,Priya Reddy,priya.reddy@example.com,North,Mobile Phone,Electronics,2,50000.0
839,2023-05-13,Amit Verma,amit.verma@example.com,North,Mobile Phone,Electronics,1,25000.0
918,2023-10-31,Karan Patel,karan.patel@example.com,North,Mobile Phone,Electronics,5,125000.0
921,2024-04-25,Sneha Singh,sneha.singh@example.com,North,Mobile Phone,Electronics,2,50000.0
949,2024-07-27,Priya Reddy,priya.reddy@example.com,North,Mobile Phone,Electronics,2,50000.0
989,2023-08-25,Pooja Chopra,pooja.chopra@example.com,North,Mobile Phone,Electronics,2,50000.0
991,2024-06-26,Karan Patel,karan.patel@example.com,North,Mobile Phone,Electronics,3,75000.0
85,2024-12-16,Ravi Singh,ravi.singh@example.com,Central,Headphones,Accessories,5,15000.0
130,2024-01-04,Priya Gupta,priya.gupta@example.com,Central,Headphones,Accessories,2,6000.0
146,2024-08-10,Amit Chopra,amit.chopra@example.com,Central,Headphones,Accessories,4,12000.0
166,2023-02-09,Pooja Reddy,pooja.reddy@example.com,Central,Headphones,Accessories,1,3000.0
251,2023-05-15,Sneha Kumar,sneha.kumar@example.com,Central,Headphones,Accessories,5,15000.0
352,2023-05-20,Ravi Mehta,ravi.mehta@example.com,Central,Headphones,Accessories,3,9000.0
411,2023-11-25,Ravi Chopra,ravi.chopra@example.com,Central,Headphones,Accessories,5,15000.0
416,2024-03-01,Pooja Gupta,pooja.gupta@example.com,Central,Headphones,Accessories,3,9000.0
417,2024-04-22,Amit Patel,amit.patel@example.com,Central,Headphones,Accessories,4,12000.0
427,2024-12-06,Neha Kumar,neha.kumar@example.com,Central,Headphones,Accessories,5,15000.0
472,2023-05-13,Priya Mehta,priya.mehta@example.com,Central,Headphones,Accessories,4,12000.0
501,2024-09-12,Amit Patel,amit.patel@example.com,Central,Headphones,Accessories,5,15000.0
505,2023-12-29,Sneha Singh,sneha.singh@example.com,Central,Headphones,Accessories,4,12000.0
511,2023-04-08,Rahul Sharma,rahul.sharma@example.com,Central,Headphones,Accessories,4,12000.0
540,2023-06-09,Karan Reddy,karan.reddy@example.com,Central,Headphones,Accessories,1,3000.0
611,2024-06-20,Ravi Reddy,ravi.reddy@example.com,Central,Headphones,Accessories,5,15000.0
617,2024-06-23,Ravi Sharma,ravi.sharma@example.com,Central,Headphones,Accessories,4,12000.0
626,2024-04-19,Karan Kumar,karan.kumar@example.com,Central,Headphones,Accessories,1,3000.0
683,2023-11-19,Arjun Sharma,arjun.sharma@example.com,Central,Headphones,Accessories,1,3000.0
709,2023-10-19,Priya Mehta,priya.mehta@example.com,Central,Headphones,Accessories,3,9000.0
800,2023-05-01,Ravi Patel,ravi.patel@example.com,Central,Headphones,Accessories,1,3000.0
809,2023-05-01,Neha Sharma,neha.sharma@example.com,Central,Headphones,Accessories,4,12000.0
888,2024-09-12,Amit Verma,amit.verma@example.com,Central,Headphones,Accessories,2,6000.0
42,2023-12-22,Simran Reddy,simran.reddy@example.com,West,Headphones,Accessories,4,12000.0
183,2023-06-28,Ravi Chopra,ravi.chopra@example.com,West,Headphones,Accessories,1,3000.0
187,2023-11-01,Rahul Gupta,rahul.gupta@example.com,West,Headphones,Accessories,4,12000.0
314,2023-09-10,Rahul Sharma,rahul.sharma@example.com,West,Headphones,Accessories,2,6000.0
343,2023-06-28,Neha Gupta,neha.gupta@example.com,West,Headphones,Accessories,1,3000.0
399,2024-02-06,Sneha Singh,sneha.singh@example.com,West,Headphones,Accessories,3,9000.0
428,2023-03-02,Pooja Chopra,pooja.chopra@example.com,West,Headphones,Accessories,4,12000.0
610,2024-09-01,Ravi Mehta,ravi.mehta@example.com,West,Headphones,Accessories,2,6000.0
641,2023-08-07,Ravi Singh,ravi.singh@example.com,West,Headphones,Accessories,3,9000.0
662,2024-07-12,Pooja Patel,pooja.patel@example.com,West,Headphones,Accessories,1,3000.0
746,2023-06-09,Karan Kumar,karan.kumar@example.com,West,Headphones,Accessories,2,6000.0
789,2023-09-30,Priya Gupta,priya.gupta@example.com,West,Headphones,Accessories,1,3000.0
856,2024-07-12,Amit Singh,amit.singh@example.com,West,Headphones,Accessories,1,3000.0
859,2024-09-30,Sneha Kumar,sneha.kumar@example.com,West,Headphones,Accessories,2,6000.0
900,2024-05-03,Sneha Kumar,sneha.kumar@example.com,West,Headphones,Accessories,3,9000.0
46,2024-11-01,Ravi Kumar,ravi.kumar@example.com,East,Headphones,Accessories,5,15000.0
55,2023-09-12,Sneha Mehta,sneha.mehta@example.com,East,Headphones,Accessories,5,15000.0
152,2023-03-07,Amit Chopra,amit.chopra@example.com,East,Headphones,Accessories,3,9000.0
195,2023-04-02,Karan Patel,karan.patel@example.com,East,Headphones,Accessories,4,12000.0
213,2024-07-18,Ravi Reddy,ravi.reddy@example.com,East,Headphones,Accessories,1,3000.0
233,2023-11-08,Arjun Sharma,arjun.sharma@example.com,East,Headphones,Accessories,3,9000.0
263,2024-11-19,Simran Singh,simran.singh@example.com,East,Headphones,Accessories,4,12000.0
324,2023-04-29,Ravi Chopra,ravi.chopra@example.com,East,Headphones,Accessories,5,15000.0
332,2024-06-12,Neha Reddy,neha.reddy@example.com,East,Headphones,Accessories,5,15000.0
335,2023-12-28,Sneha Kumar,sneha.kumar@example.com,East,Headphones,Accessories,1,3000.0
408,2023-10-02,Arjun Kumar,arjun.kumar@example.com,East,Headphones,Accessories,1,3000.0
471,2024-06-01,Priya Sharma,priya.sharma@example.com,East,Headphones,Accessories,3,9000.0
486,2023-10-12,Neha Reddy,neha.reddy@example.com,East,Headphones,Accessories,3,9000.0
507,2024-11-21,Priya Mehta,priya.mehta@example.com,East,Headphones,Accessories,3,9000.0
582,2023-12-30,Ravi Iyer,ravi.iyer@example.com,East,Headphones,Accessories,5,15000.0
594,2023-10-14,Simran Kumar,simran.kumar@example.com,East,Headphones,Accessories,2,6000.0
639,2024-10-24,Sneha Reddy,sneha.reddy@example.com,East,Headphones,Accessories,4,12000.0
705,2023-05-29,Ravi Mehta,ravi.mehta@example.com,East,Headphones,Accessories,2,6000.0
726,2024-07-08,Sneha Reddy,sneha.reddy@example.com,East,Headphones,Accessories,4,12000.0
728,2024-10-10,Pooja Patel,pooja.patel@example.com,East,Headphones,Accessories,2,6000.0
739,2023-03-27,Amit Sharma,amit.sharma@example.com,East,Headphones,Accessories,4,12000.0
767,2023-08-27,Arjun Chopra,arjun.chopra@example.com,East,Headphones,Accessories,1,3000.0
797,2023-02-10,Amit Chopra,amit.chopra@example.com,East,Headphones,Accessories,2,6000.0
850,2024-06-27,Karan Singh,karan.singh@example.com,East,Headphones,Accessories,3,9000.0
919,2024-08-17,Sneha Iyer,sneha.iyer@example.com,East,Headphones,Accessories,2,6000.0
928,2023-11-23,Amit Sharma,amit.sharma@example.com,East,Headphones,Accessories,4,12000.0
937,2023-07-23,Arjun Chopra,arjun.chopra@example.com,East,Headphones,Accessories,2,6000.0
962,2024-03-19,Amit Verma,amit.verma@example.com,East,Headphones,Accessories,1,3000.0
963,2023-12-12,Sneha Iyer,sneha.iyer@example.com,East,Headphones,Accessories,5,15000.0
74,2024-05-14,Karan Sharma,karan.sharma@example.com,South,Headphones,Accessories,5,15000.0
83,2024-04-17,Karan Patel,karan.patel@example.com,South,Headphones,Accessories,5,15000.0
86,2024-06-18,Pooja Patel,pooja.patel@example.com,South,Headphones,Accessories,1,3000.0
128,2024-02-17,Sneha Mehta,sneha.mehta@example.com,South,Headphones,Accessories,1,3000.0
171,2023-09-07,Arjun Sharma,arjun.sharma@example.com,South,Headphones,Accessories,4,12000.0
194,2023-05-09,Arjun Chopra,arjun.chopra@example.com,South,Headphones,Accessories,4,12000.0
207,2024-11-30,Ravi Verma,ravi.verma@example.com,South,Headphones,Accessories,2,6000.0
216,2023-02-21,Sneha Iyer,sneha.iyer@example.com,South,Headphones,Accessories,2,6000.0
220,2024-06-02,Amit Singh,amit.singh@example.com,South,Headphones,Accessories,1,3000.0
226,2023-02-15,Pooja Patel,pooja.patel@example.com,South,Headphones,Accessories,5,15000.0
264,2023-02-11,Sneha Singh,sneha.singh@example.com,South,Headphones,Accessories,4,12000.0
306,2023-08-02,Pooja Gupta,pooja.gupta@example.com,South,Headphones,Accessories,1,3000.0
327,2023-05-21,Simran Sharma,simran.sharma@example.com,South,Headphones,Accessories,1,3000.0
350,2023-08-26,Sneha Kumar,sneha.kumar@example.com,South,Headphones,Accessories,1,3000.0
356,2023-11-12,Neha Reddy,neha.reddy@example.com,South,Headphones,Accessories,1,3000.0
396,2023-08-27,Sneha Verma,sneha.verma@example.com,South,Headphones,Accessories,3,9000.0
724,2024-08-30,Neha Verma,neha.verma@example.com,South,Headphones,Accessories,3,9000.0
758,2024-01-17,Sneha Reddy,sneha.reddy@example.com,South,Headphones,Accessories,1,3000.0
865,2023-11-30,Rahul Sharma,rahul.sharma@example.com,South,Headphones,Accessories,1,3000.0
934,2024-09-26,Amit Chopra,amit.chopra@example.com,South,Headphones,Accessories,5,15000.0
13,2024-10-25,Ravi Kumar,ravi.kumar@example.com,North,Headphones,Accessories,5,15000.0
24,2024-10-07,Pooja Chopra,pooja.chopra@example.com,North,Headphones,Accessories,3,9000.0
36,2024-01-12,Ravi Sharma,ravi.sharma@example.com,North,Headphones,Accessories,3,9000.0
47,2023-11-21,Amit Chopra,amit.chopra@example.com,North,Headphones,Accessories,4,12000.0
77,2023-05-25,Pooja Kumar,pooja.kumar@example.com,North,Headphones,Accessories,5,15000.0
210,2023-10-03,Ravi Verma,ravi.verma@example.com,North,Headphones,Accessories,2,6000.0
211,2024-02-17,Arjun Kumar,arjun.kumar@example.com,North,Headphones,Accessories,2,6000.0
219,2023-01-12,Neha Verma,neha.verma@example.com,North,Headphones,Accessories,5,15000.0
253,2023-11-03,Pooja Patel,pooja.patel@example.com,North,Headphones,Accessories,3,9000.0
254,2023-12-18,Karan Singh,karan.singh@example.com,North,Headphones,Accessories,2,6000.0
280,2024-02-06,Priya Gupta,priya.gupta@example.com,North,Headphones,Accessories,4,12000.0
311,2024-05-30,Pooja Iyer,pooja.iyer@example.com,North,Headphones,Accessories,4,12000.0
354,2023-08-09,Karan Reddy,karan.reddy@example.com,North,Headphones,Accessories,5,15000.0
366,2023-10-02,Pooja Patel,pooja.patel@example.com,North,Headphones,Accessories,2,6000.0
386,2023-10-04,Pooja Chopra,pooja.chopra@example.com,North,Headphones,Accessories,3,9000.0
455,2023-04-13,Sneha Kumar,sneha.kumar@example.com,North,Headphones,Accessories,2,6000.0
510,2023-11-27,Rahul Mehta,rahul.mehta@example.com,North,Headphones,Accessories,5,15000.0
519,2023-04-30,Amit Verma,amit.verma@example.com,North,Headphones,Accessories,4,12000.0
520,2023-02-12,Arjun Chopra,arjun.chopra@example.com,North,Headphones,Accessories,3,9000.0
545,2023-06-12,Karan Sharma,karan.sharma@example.com,North,Headphones,Accessories,2,6000.0
622,2024-02-24,Ravi Mehta,ravi.mehta@example.com,North,Headphones,Accessories,1,3000.0
664,2024-04-06,Karan Singh,karan.singh@example.com,North,Headphones,Accessories,1,3000.0
665,2024-09-02,Amit Chopra,amit.chopra@example.com,North,Headphones,Accessories,3,9000.0
674,2023-03-13,Ravi Kumar,ravi.kumar@example.com,North,Headphones,Accessories,5,15000.0
687,2023-11-26,Priya Sharma,priya.sharma@example.com,North,Headphones,Accessories,3,9000.0
699,2023-03-04,Pooja Chopra,pooja.chopra@example.com,North,Headphones,Accessories,2,6000.0
721,2024-01-28,Ravi Iyer,ravi.iyer@example.com,North,Headphones,Accessories,4,12000.0
784,2024-05-12,Amit Sharma,amit.sharma@example.com,North,Headphones,Accessories,3,9000.0
788,2024-12-18,Rahul Sharma,rahul.sharma@example.com,North,Headphones,Accessories,1,3000.0
837,2023-10-21,Amit Sharma,amit.sharma@example.com,North,Headphones,Accessories,5,15000.0
901,2023-04-05,Priya Gupta,priya.gupta@example.com,North,Headphones,Accessories,4,12000.0
974,2024-02-02,Karan Sharma,karan.sharma@example.com,North,Headphones,Accessories,3,9000.0
993,2023-10-30,Ravi Reddy,ravi.reddy@example.com,North,Headphones,Accessories,2,6000.0
63,2024-05-13,Karan Verma,karan.verma@example.com,Central,Office Chair,Furniture,4,32000.0
69,2024-07-08,Pooja Chopra,pooja.chopra@example.com,Central,Office Chair,Furniture,4,32000.0
73,2023-12-09,Karan Singh,karan.singh@example.com,Central,Office Chair,Furniture,4,32000.0
76,2024-08-23,Priya Kumar,priya.kumar@example.com,Central,Office Chair,Furniture,2,16000.0
97,2023-09-25,Ravi Verma,ravi.verma@example.com,Central,Office Chair,Furniture,4,32000.0
133,2024-07-09,Ravi Reddy,ravi.reddy@example.com,Central,Office Chair,Furniture,2,16000.0
154,2024-05-01,Karan Patel,karan.patel@example.com,Central,Office Chair,Furniture,2,16000.0
279,2024-10-09,Simran Gupta,simran.gupta@example.com,Central,Office Chair,Furniture,4,32000.0
320,2023-05-13,Neha Reddy,neha.reddy@example.com,Central,Office Chair,Furniture,2,16000.0
387,2024-12-29,Ravi Singh,ravi.singh@example.com,Central,Office Chair,Furniture,5,40000.0
419,2024-07-10,Ravi Reddy,ravi.reddy@example.com,Central,Office Chair,Furniture,4,32000.0
435,2024-09-29,Priya Mehta,priya.mehta@example.com,Central,Office Chair,Furniture,3,24000.0
467,2023-08-22,Neha Singh,neha.singh@example.com,Central,Office Chair,Furniture,2,16000.0
497,2023-09-06,Ravi Mehta,ravi.mehta@example.com,Central,Office Chair,Furniture,4,32000.0
543,2024-06-21,Pooja Chopra,pooja.chopra@example.com,Central,Office Chair,Furniture,4,32000.0
566,2024-12-08,Pooja Reddy,pooja.reddy@example.com,Central,Office Chair,Furniture,2,16000.0
579,2024-05-20,Neha Verma,neha.verma@example.com,Central,Office Chair,Furniture,1,8000.0
634,2023-09-02,Karan Verma,karan.verma@example.com,Central,Office Chair,Furniture,2,16000.0
655,2024-06-29,Ravi Singh,ravi.singh@example.com,Central,Office Chair,Furniture,2,16000.0
675,2023-07-25,Ravi Kumar,ravi.kumar@example.com,Central,Office Chair,Furniture,5,40000.0
681,2023-03-19,Karan Singh,karan.singh@example.com,Central,Office Chair,Furniture,5,40000.0
731,2024-11-16,Ravi Verma,ravi.verma@example.com,Central,Office Chair,Furniture,4,32000.0
846,2024-01-29,Arjun Verma,arjun.verma@example.com,Central,Office Chair,Furniture,4,32000.0
848,2023-02-25,Amit Gupta,amit.gupta@example.com,Central,Office Chair,Furniture,3,24000.0
864,2023-04-24,Rahul Sharma,rahul.sharma@example.com,Central,Office Chair,Furniture,4,32000.0
940,2023-06-01,Karan Verma,karan.verma@example.com,Central,Office Chair,Furniture,3,24000.0
983,2024-08-27,Karan Verma,karan.verma@example.com,Central,Office Chair,Furniture,3,24000.0
2,2024-03-12,Ravi Mehta,ravi.mehta@example.com,West,Office Chair,Furniture,45,16000.0
12,2024-03-07,Karan Sharma,karan.sharma@example.com,West,Office Chair,Furniture,2,16000.0
34,2023-11-03,Rahul Patel,rahul.patel@example.com,West,Office Chair,Furniture,3,24000.0
61,2023-04-18,Pooja Verma,pooja.verma@example.com,West,Office Chair,Furniture,1,8000.0
62,2024-11-08,Pooja Reddy,pooja.reddy@example.com,West,Office Chair,Furniture,1,8000.0
119,2024-10-10,Pooja Verma,pooja.verma@example.com,West,Office Chair,Furniture,2,16000.0
141,2024-12-16,Amit Gupta,amit.gupta@example.com,West,Office Chair,Furniture,3,24000.0
156,2023-11-02,Arjun Patel,arjun.patel@example.com,West,Office Chair,Furniture,3,24000.0
182,2023-03-23,Simran Iyer,simran.iyer@example.com,West,Office Chair,Furniture,4,32000.0
199,2024-01-27,Rahul Sharma,rahul.sharma@example.com,West,Office Chair,Furniture,5,40000.0
222,2024-11-19,Ravi Chopra,ravi.chopra@example.com,West,Office Chair,Furniture,1,8000.0
242,2023-03-08,Amit Verma,amit.verma@example.com,West,Office Chair,Furniture,4,32000.0
316,2023-10-07,Amit Verma,amit.verma@example.com,West,Office Chair,Furniture,3,24000.0
321,2024-07-17,Karan Singh,karan.singh@example.com,West,Office Chair,Furniture,4,32000.0
326,2024-08-31,Pooja Iyer,pooja.iyer@example.com,West,Office Chair,Furniture,5,40000.0
342,2024-03-27,Neha Iyer,neha.iyer@example.com,West,Office Chair,Furniture,5,40000.0
457,2023-01-24,Neha Kumar,neha.kumar@example.com,West,Office Chair,Furniture,1,8000.0
475,2023-08-15,Simran Singh,simran.singh@example.com,West,Office Chair,Furniture,5,40000.0
487,2024-07-23,Ravi Chopra,ravi.chopra@example.com,West,Office Chair,Furniture,4,32000.0
538,2023-09-26,Ravi Mehta,ravi.mehta@example.com,West,Office Chair,Furniture,5,40000.0
552,2024-05-08,Sneha Kumar,sneha.kumar@example.com,West,Office Chair,Furniture,1,8000.0
563,2023-09-15,Rahul Patel,rahul.patel@example.com,West,Office Chair,Furniture,4,32000.0
578,2023-03-05,Sneha Reddy,sneha.reddy@example.com,West,Office Chair,Furniture,2,16000.0
627,2023-01-01,Neha Patel,neha.patel@example.com,West,Office Chair,Furniture,4,32000.0
630,2024-02-29,Sneha Reddy,sneha.reddy@example.com,West,Office Chair,Furniture,5,40000.0
663,2024-02-01,Rahul Reddy,rahul.reddy@example.com,West,Office Chair,Furniture,3,24000.0
704,2024-11-21,Amit Verma,amit.verma@example.com,West,Office Chair,Furniture,5,40000.0
706,2024-03-09,Amit Singh,amit.singh@example.com,West,Office Chair,Furniture,2,16000.0
732,2024-08-29,Pooja Iyer,pooja.iyer@example.com,West,Office Chair,Furniture,1,8000.0
757,2024-09-14,Amit Verma,amit.verma@example.com,West,Office Chair,Furniture,1,8000.0
810,2024-03-05,Karan Reddy,karan.reddy@example.com,West,Office Chair,Furniture,4,32000.0
853,2024-02-11,Pooja Chopra,pooja.chopra@example.com,West,Office Chair,Furniture,4,32000.0
871,2024-02-18,Pooja Chopra,pooja.chopra@example.com,West,Office Chair,Furniture,2,16000.0
924,2023-09-17,Rahul Kumar,rahul.kumar@example.com,West,Office Chair,Furniture,4,32000.0
951,2023-12-22,Neha Kumar,neha.kumar@example.com,West,Office Chair,Furniture,2,16000.0
953,2023-11-25,Karan Sharma,karan.sharma@example.com,West,Office Chair,Furniture,1,8000.0
986,2024-02-13,Amit Patel,amit.patel@example.com,West,Office Chair,Furniture,4,32000.0
58,2024-04-24,Sneha Reddy,sneha.reddy@example.com,East,Office Chair,Furniture,2,16000.0
71,2023-10-29,Amit Sharma,amit.sharma@example.com,East,Office Chair,Furniture,3,24000.0
96,2023-10-09,Ravi Verma,ravi.verma@example.com,East,Office Chair,Furniture,5,40000.0
129,2024-09-20,Rahul Reddy,rahul.reddy@example.com,East,Office Chair,Furniture,2,16000.0
181,2024-08-31,Neha Kumar,neha.kumar@example.com,East,Office Chair,Furniture,3,24000.0
250,2024-02-25,Pooja Reddy,pooja.reddy@example.com,East,Office Chair,Furniture,3,24000.0
273,2023-05-03,Rahul Gupta,rahul.gupta@example.com,East,Office Chair,Furniture,5,40000.0
325,2024-06-10,Karan Verma,karan.verma@example.com,East,Office Chair,Furniture,5,40000.0
351,2024-11-27,Priya Sharma,priya.sharma@example.com,East,Office Chair,Furniture,1,8000.0
421,2023-07-15,Sneha Kumar,sneha.kumar@example.com,East,Office Chair,Furniture,4,32000.0
434,2024-03-27,Amit Chopra,amit.chopra@example.com,East,Office Chair,Furniture,4,32000.0
450,2023-06-09,Priya Mehta,priya.mehta@example.com,East,Office Chair,Furniture,3,24000.0
502,2023-02-18,Pooja Verma,pooja.verma@example.com,East,Office Chair,Furniture,4,32000.0
654,2024-10-18,Neha Verma,neha.verma@example.com,East,Office Chair,Furniture,2,16000.0
707,2023-07-15,Simran Singh,simran.singh@example.com,East,Office Chair,Furniture,5,40000.0
730,2024-08-28,Neha Reddy,neha.reddy@example.com,East,Office Chair,Furniture,5,40000.0
836,2024-12-05,Priya Chopra,priya.chopra@example.com,East,Office Chair,Furniture,2,16000.0
909,2024-06-15,Ravi Reddy,ravi.reddy@example.com,East,Office Chair,Furniture,3,24000.0
923,2024-06-05,Sneha Mehta,sneha.mehta@example.com,East,Office Chair,Furniture,4,32000.0
929,2024-07-18,Simran Kumar,simran.kumar@example.com,East,Office Chair,Furniture,5,40000.0
15,2023-06-15,Karan Kumar,karan.kumar@example.com,South,Office Chair,Furniture,2,16000.0
31,2024-11-27,Arjun Sharma,arjun.sharma@example.com,South,Office Chair,Furniture,5,40000.0
105,2024-06-13,Pooja Iyer,pooja.iyer@example.com,South,Office Chair,Furniture,4,32000.0
127,2024-03-24,Amit Sharma,amit.sharma@example.com,South,Office Chair,Furniture,5,40000.0
149,2023-10-23,Ravi Iyer,ravi.iyer@example.com,South,Office Chair,Furniture,1,8000.0
188,2023-09-12,Pooja Gupta,pooja.gupta@example.com,South,Office Chair,Furniture,1,8000.0
229,2023-01-08,Amit Chopra,amit.chopra@example.com,South,Office Chair,Furniture,1,8000.0
244,2023-05-15,Neha Gupta,neha.gupta@example.com,South,Office Chair,Furniture,2,16000.0
291,2023-01-19,Ravi Reddy,ravi.reddy@example.com,South,Office Chair,Furniture,5,40000.0
312,2023-06-15,Karan Singh,karan.singh@example.com,South,Office Chair,Furniture,2,16000.0
392,2024-03-02,Ravi Sharma,ravi.sharma@example.com,South,Office Chair,Furniture,2,16000.0
407,2023-10-11,Sneha Iyer,sneha.iyer@example.com,South,Office Chair,Furniture,1,8000.0
512,2023-07-17,Ravi Iyer,ravi.iyer@example.com,South,Office Chair,Furniture,2,16000.0
559,2024-10-15,Sneha Mehta,sneha.mehta@example.com,South,Office Chair,Furniture,5,40000.0
600,2024-07-06,Amit Chopra,amit.chopra@example.com,South,Office Chair,Furniture,5,40000.0
661,2024-07-17,Priya Mehta,priya.mehta@example.com,South,Office Chair,Furniture,4,32000.0
669,2023-11-06,Priya Reddy,priya.reddy@example.com,South,Office Chair,Furniture,2,16000.0
682,2023-01-24,Pooja Kumar,pooja.kumar@example.com,South,Office Chair,Furniture,2,16000.0
830,2023-04-16,Simran Reddy,simran.reddy@example.com,South,Office Chair,Furniture,5,40000.0
844,2024-06-25,Priya Sharma,priya.sharma@example.com,South,Office Chair,Furniture,3,24000.0
861,2024-02-05,Rahul Sharma,rahul.sharma@example.com,South,Office Chair,Furniture,3,24000.0
911,2023-10-19,Neha Sharma,neha.sharma@example.com,South,Office Chair,Furniture,5,40000.0
933,2023-02-15,Ravi Chopra,ravi.chopra@example.com,South,Office Chair,Furniture,4,32000.0
956,2023-10-27,Simran Kumar,simran.kumar@example.com,South,Office Chair,Furniture,4,32000.0
25,2024-12-29,Ravi Verma,ravi.verma@example.com,North,Office Chair,Furniture,4,32000.0
80,2024-01-11,Ravi Chopra,ravi.chopra@example.com,North,Office Chair,Furniture,3,24000.0
81,2024-06-22,Amit Chopra,amit.chopra@example.com,North,Office Chair,Furniture,1,8000.0
91,2023-07-04,Ravi Sharma,ravi.sharma@example.com,North,Office Chair,Furniture,5,40000.0
92,2023-11-12,Priya Gupta,priya.gupta@example.com,North,Office Chair,Furniture,4,32000.0
106,2023-11-16,Sneha Reddy,sneha.reddy@example.com,North,Office Chair,Furniture,1,8000.0
109,2023-01-01,Karan Reddy,karan.reddy@example.com,North,Office Chair,Furniture,4,32000.0
132,2023-04-17,Simran Sharma,simran.sharma@example.com,North,Office Chair,Furniture,4,32000.0
151,2024-11-01,Ravi Reddy,ravi.reddy@example.com,North,Office Chair,Furniture,1,8000.0
185,2024-07-06,Sneha Singh,sneha.singh@example.com,North,Office Chair,Furniture,2,16000.0
224,2024-09-18,Priya Mehta,priya.mehta@example.com,North,Office Chair,Furniture,5,40000.0
230,2023-07-19,Amit Gupta,amit.gupta@example.com,North,Office Chair,Furniture,1,8000.0
255,2023-03-04,Neha Gupta,neha.gupta@example.com,North,Office Chair,Furniture,2,16000.0
286,2023-03-14,Sneha Iyer,sneha.iyer@example.com,North,Office Chair,Furniture,5,40000.0
297,2023-02-26,Sneha Singh,sneha.singh@example.com,North,Office Chair,Furniture,4,32000.0
315,2024-06-01,Arjun Chopra,arjun.chopra@example.com,North,Office Chair,Furniture,1,8000.0
322,2024-05-24,Arjun Patel,arjun.patel@example.com,North,Office Chair,Furniture,3,24000.0
336,2023-11-20,Neha Verma,neha.verma@example.com,North,Office Chair,Furniture,5,40000.0
358,2024-05-26,Priya Mehta,priya.mehta@example.com,North,Office Chair,Furniture,5,40000.0
371,2023-10-24,Sneha Singh,sneha.singh@example.com,North,Office Chair,Furniture,4,32000.0
490,2024-08-22,Neha Gupta,neha.gupta@example.com,North,Office Chair,Furniture,4,32000.0
602,2024-08-21,Ravi Kumar,ravi.kumar@example.com,North,Office Chair,Furniture,3,24000.0
647,2023-08-23,Karan Singh,karan.singh@example.com,North,Office Chair,Furniture,3,24000.0
678,2024-08-29,Ravi Reddy,ravi.reddy@example.com,North,Office Chair,Furniture,5,40000.0
752,2024-09-16,Ravi Verma,ravi.verma@example.com,North,Office Chair,Furniture,5,40000.0
769,2024-07-01,Amit Patel,amit.patel@example.com,North,Office Chair,Furniture,1,8000.0
818,2024-06-25,Amit Sharma,amit.sharma@example.com,North,Office Chair,Furniture,2,16000.0
819,2023-06-22,Amit Sharma,amit.sharma@example.com,North,Office Chair,Furniture,5,40000.0
821,2023-02-22,Pooja Gupta,pooja.gupta@example.com,North,Office Chair,Furniture,2,16000.0
851,2024-05-20,Ravi Mehta,ravi.mehta@example.com,North,Office Chair,Furniture,2,16000.0
855,2024-05-08,Arjun Verma,arjun.verma@example.com,North,Office Chair,Furniture,1,8000.0
863,2024-06-26,Arjun Chopra,arjun.chopra@example.com,North,Office Chair,Furniture,3,24000.0
891,2024-10-15,Priya Reddy,priya.reddy@example.com,North,Office Chair,Furniture,4,32000.0
904,2024-08-15,Pooja Chopra,pooja.chopra@example.com,North,Office Chair,Furniture,3,24000.0
914,2024-09-19,Simran Singh,simran.singh@example.com,North,Office Chair,Furniture,3,24000.0
965,2024-02-16,Ravi Singh,ravi.singh@example.com,North,Office Chair,Furniture,3,24000.0
33,2024-03-13,Priya Sharma,priya.sharma@example.com,Central,Desk Lamp,Furniture,1,2000.0
135,2023-07-14,Sneha Singh,sneha.singh@example.com,Central,Desk Lamp,Furniture,4,8000.0
215,2024-06-26,Pooja Gupta,pooja.gupta@example.com,Central,Desk Lamp,Furniture,5,10000.0
256,2023-03-01,Ravi Iyer,ravi.iyer@example.com,Central,Desk Lamp,Furniture,4,8000.0
330,2023-02-22,Ravi Sharma,ravi.sharma@example.com,Central,Desk Lamp,Furniture,4,8000.0
340,2024-10-03,Simran Kumar,simran.kumar@example.com,Central,Desk Lamp,Furniture,4,8000.0
346,2024-06-08,Karan Singh,karan.singh@example.com,Central,Desk Lamp,Furniture,2,4000.0
481,2024-07-21,Pooja Gupta,pooja.gupta@example.com,Central,Desk Lamp,Furniture,2,4000.0
489,2024-12-10,Priya Chopra,priya.chopra@example.com,Central,Desk Lamp,Furniture,4,8000.0
499,2024-07-26,Arjun Chopra,arjun.chopra@example.com,Central,Desk Lamp,Furniture,2,4000.0
503,2023-08-11,Karan Singh,karan.singh@example.com,Central,Desk Lamp,Furniture,1,2000.0
531,2023-06-28,Simran Kumar,simran.kumar@example.com,Central,Desk Lamp,Furniture,5,10000.0
553,2023-05-27,Ravi Reddy,ravi.reddy@example.com,Central,Desk Lamp,Furniture,4,8000.0
581,2024-06-08,Pooja Reddy,pooja.reddy@example.com,Central,Desk Lamp,Furniture,5,10000.0
670,2023-10-13,Amit Chopra,amit.chopra@example.com,Central,Desk Lamp,Furniture,5,10000.0
770,2023-07-08,Simran Kumar,simran.kumar@example.com,Central,Desk Lamp,Furniture,3,6000.0
857,2024-06-28,Neha Verma,neha.verma@example.com,Central,Desk Lamp,Furniture,4,8000.0
872,2024-12-23,Amit Sharma,amit.sharma@example.com,Central,Desk Lamp,Furniture,1,2000.0
906,2024-02-10,Priya Mehta,priya.mehta@example.com,Central,Desk Lamp,Furniture,1,2000.0
920,2023-06-11,Simran Sharma,simran.sharma@example.com,Central,Desk Lamp,Furniture,1,2000.0
935,2023-02-06,Simran Iyer,simran.iyer@example.com,Central,Desk Lamp,Furniture,3,6000.0
9,2023-07-01,Amit Patel,amit.patel@example.com,West,Desk Lamp,Furniture,1,2000.0
51,2023-04-15,Ravi Mehta,ravi.mehta@example.com,West,Desk Lamp,Furniture,1,2000.0
437,2023-06-04,Arjun Chopra,arjun.chopra@example.com,West,Desk Lamp,Furniture,4,8000.0
441,2023-09-13,Karan Sharma,karan.sharma@example.com,West,Desk Lamp,Furniture,3,6000.0
513,2024-10-27,Neha Reddy,neha.reddy@example.com,West,Desk Lamp,Furniture,4,8000.0
620,2024-11-03,Pooja Verma,pooja.verma@example.com,West,Desk Lamp,Furniture,5,10000.0
660,2024-01-02,Karan Kumar,karan.kumar@example.com,West,Desk Lamp,Furniture,3,6000.0
696,2024-07-04,Pooja Kumar,pooja.kumar@example.com,West,Desk Lamp,Furniture,4,8000.0
763,2023-03-28,Ravi Reddy,ravi.reddy@example.com,West,Desk Lamp,Furniture,5,10000.0
768,2024-02-29,Pooja Iyer,pooja.iyer@example.com,West,Desk Lamp,Furniture,4,8000.0
793,2024-11-04,Rahul Kumar,rahul.kumar@example.com,West,Desk Lamp,Furniture,4,8000.0
811,2024-08-29,Priya Sharma,priya.sharma@example.com,West,Desk Lamp,Furniture,1,2000.0
869,2023-05-06,Karan Verma,karan.verma@example.com,West,Desk Lamp,Furniture,3,6000.0
884,2024-04-02,Pooja Iyer,pooja.iyer@example.com,West,Desk Lamp,Furniture,5,10000.0
889,2023-08-06,Amit Chopra,amit.chopra@example.com,West,Desk Lamp,Furniture,2,4000.0
954,2023-03-28,Arjun Chopra,arjun.chopra@example.com,West,Desk Lamp,Furniture,2,4000.0
43,2024-08-22,Rahul Gupta,rahul.gupta@example.com,East,Desk Lamp,Furniture,2,4000.0
67,2023-07-01,Karan Sharma,karan.sharma@example.com,East,Desk Lamp,Furniture,3,6000.0
84,2024-02-08,Pooja Patel,pooja.patel@example.com,East,Desk Lamp,Furniture,4,8000.0
102,2024-09-07,Amit Sharma,amit.sharma@example.com,East,Desk Lamp,Furniture,4,8000.0
121,2024-03-31,Amit Verma,amit.verma@example.com,East,Desk Lamp,Furniture,3,6000.0
205,2023-07-29,Karan Patel,karan.patel@example.com,East,Desk Lamp,Furniture,1,2000.0
258,2024-10-17,Sneha Reddy,sneha.reddy@example.com,East,Desk Lamp,Furniture,3,6000.0
288,2023-01-15,Neha Sharma,neha.sharma@example.com,East,Desk Lamp,Furniture,5,10000.0
309,2023-05-14,Ravi Kumar,ravi.kumar@example.com,East,Desk Lamp,Furniture,2,4000.0
368,2024-08-02,Arjun Sharma,arjun.sharma@example.com,East,Desk Lamp,Furniture,1,2000.0
374,2024-08-27,Arjun Verma,arjun.verma@example.com,East,Desk Lamp,Furniture,1,2000.0
395,2024-01-08,Rahul Gupta,rahul.gupta@example.com,East,Desk Lamp,Furniture,4,8000.0
425,2023-05-05,Ravi Chopra,ravi.chopra@example.com,East,Desk Lamp,Furniture,1,2000.0
430,2023-09-02,Amit Chopra,amit.chopra@example.com,East,Desk Lamp,Furniture,5,10000.0
443,2024-12-15,Rahul Reddy,rahul.reddy@example.com,East,Desk Lamp,Furniture,1,2000.0
477,2024-01-02,Ravi Reddy,ravi.reddy@example.com,East,Desk Lamp,Furniture,3,6000.0
534,2024-04-03,Pooja Gupta,pooja.gupta@example.com,East,Desk Lamp,Furniture,4,8000.0
584,2024-10-21,Priya Gupta,priya.gupta@example.com,East,Desk Lamp,Furniture,4,8000.0
593,2023-03-13,Sneha Mehta,sneha.mehta@example.com,East,Desk Lamp,Furniture,3,6000.0
649,2024-01-09,Karan Reddy,karan.reddy@example.com,East,Desk Lamp,Furniture,1,2000.0
659,2024-05-16,Amit Patel,amit.patel@example.com,East,Desk Lamp,Furniture,1,2000.0
676,2024-12-25,Ravi Sharma,ravi.sharma@example.com,East,Desk Lamp,Furniture,2,4000.0
693,2023-12-26,Pooja Gupta,pooja.gupta@example.com,East,Desk Lamp,Furniture,4,8000.0
725,2024-05-14,Amit Verma,amit.verma@example.com,East,Desk Lamp,Furniture,1,2000.0
736,2024-03-20,Amit Chopra,amit.chopra@example.com,East,Desk Lamp,Furniture,5,10000.0
751,2023-12-01,Sneha Singh,sneha.singh@example.com,East,Desk Lamp,Furniture,4,8000.0
948,2024-12-31,Ravi Reddy,ravi.reddy@example.com,East,Desk Lamp,Furniture,1,2000.0
959,2023-01-17,Neha Reddy,neha.reddy@example.com,East,Desk Lamp,Furniture,4,8000.0
144,2023-04-17,Ravi Mehta,ravi.mehta@example.com,South,Desk Lamp,Furniture,4,8000.0
275,2023-09-02,Arjun Sharma,arjun.sharma@example.com,South,Desk Lamp,Furniture,5,10000.0
460,2023-11-03,Arjun Kumar,arjun.kumar@example.com,South,Desk Lamp,Furniture,3,6000.0
474,2023-04-04,Simran Mehta,simran.mehta@example.com,South,Desk Lamp,Furniture,4,8000.0
476,2024-07-25,Karan Singh,karan.singh@example.com,South,Desk Lamp,Furniture,5,10000.0
484,2024-07-15,Amit Sharma,amit.sharma@example.com,South,Desk Lamp,Furniture,3,6000.0
533,2024-06-15,Ravi Chopra,ravi.chopra@example.com,South,Desk Lamp,Furniture,1,2000.0
591,2023-04-14,Rahul Sharma,rahul.sharma@example.com,South,Desk Lamp,Furniture,2,4000.0
592,2024-06-08,Sneha Singh,sneha.singh@example.com,South,Desk Lamp,Furniture,4,8000.0
604,2023-06-12,Sneha Singh,sneha.singh@example.com,South,Desk Lamp,Furniture,4,8000.0
631,2023-10-09,Neha Verma,neha.verma@example.com,South,Desk Lamp,Furniture,4,8000.0
686,2023-08-30,Sneha Reddy,sneha.reddy@example.com,South,Desk Lamp,Furniture,5,10000.0
741,2023-12-17,Neha Reddy,neha.reddy@example.com,South,Desk Lamp,Furniture,5,10000.0
744,2024-03-30,Priya Kumar,priya.kumar@example.com,South,Desk Lamp,Furniture,3,6000.0
787,2024-10-17,Simran Mehta,simran.mehta@example.com,South,Desk Lamp,Furniture,5,10000.0
794,2023-10-14,Rahul Reddy,rahul.reddy@example.com,South,Desk Lamp,Furniture,2,4000.0
902,2023-12-17,Ravi Sharma,ravi.sharma@example.com,South,Desk Lamp,Furniture,2,4000.0
992,2023-07-06,Rahul Reddy,rahul.reddy@example.com,South,Desk Lamp,Furniture,1,2000.0
53,2023-01-11,Pooja Patel,pooja.patel@example.com,North,Desk Lamp,Furniture,5,10000.0
60,2023-08-01,Arjun Verma,arjun.verma@example.com,North,Desk Lamp,Furniture,4,8000.0
95,2024-09-19,Pooja Verma,pooja.verma@example.com,North,Desk Lamp,Furniture,1,2000.0
122,2023-12-24,Arjun Kumar,arjun.kumar@example.com,North,Desk Lamp,Furniture,4,8000.0
165,2023-12-12,Neha Gupta,neha.gupta@example.com,North,Desk Lamp,Furniture,1,2000.0
178,2024-09-21,Amit Chopra,amit.chopra@example.com,North,Desk Lamp,Furniture,3,6000.0
246,2024-04-21,Karan Singh,karan.singh@example.com,North,Desk Lamp,Furniture,5,10000.0
249,2024-07-19,Priya Gupta,priya.gupta@example.com,North,Desk Lamp,Furniture,5,10000.0
262,2023-05-15,Karan Singh,karan.singh@example.com,North,Desk Lamp,Furniture,3,6000.0
265,2023-04-15,Pooja Chopra,pooja.chopra@example.com,North,Desk Lamp,Furniture,5,10000.0
266,2024-07-13,Neha Sharma,neha.sharma@example.com,North,Desk Lamp,Furniture,5,10000.0
292,2023-06-02,Ravi Chopra,ravi.chopra@example.com,North,Desk Lamp,Furniture,2,4000.0
296,2023-04-23,Amit Patel,amit.patel@example.com,North,Desk Lamp,Furniture,1,2000.0
338,2023-04-11,Priya Sharma,priya.sharma@example.com,North,Desk Lamp,Furniture,5,10000.0
470,2023-02-06,Amit Sharma,amit.sharma@example.com,North,Desk Lamp,Furniture,3,6000.0
480,2024-08-21,Ravi Reddy,ravi.reddy@example.com,North,Desk Lamp,Furniture,1,2000.0
560,2023-12-16,Simran Gupta,simran.gupta@example.com,North,Desk Lamp,Furniture,1,2000.0
628,2024-04-10,Amit Sharma,amit.sharma@example.com,North,Desk Lamp,Furniture,4,8000.0
637,2023-08-27,Rahul Gupta,rahul.gupta@example.com,North,Desk Lamp,Furniture,4,8000.0
673,2024-05-07,Amit Sharma,amit.sharma@example.com,North,Desk Lamp,Furniture,4,8000.0
695,2023-09-25,Arjun Patel,arjun.patel@example.com,North,Desk Lamp,Furniture,3,6000.0
734,2023-11-09,Karan Patel,karan.patel@example.com,North,Desk Lamp,Furniture,2,4000.0
834,2023-12-14,Amit Sharma,amit.sharma@example.com,North,Desk Lamp,Furniture,4,8000.0
862,2024-12-07,Amit Gupta,amit.gupta@example.com,North,Desk Lamp,Furniture,5,10000.0
922,2024-01-08,Ravi Reddy,ravi.reddy@example.com,North,Desk Lamp,Furniture,4,8000.0
978,2024-10-03,Simran Singh,simran.singh@example.com,North,Desk Lamp,Furniture,4,8000.0
17,2023-12-24,Simran Kumar,simran.kumar@example.com,Central,Monitor,Electronics,2,24000.0
56,2024-01-14,Pooja Chopra,pooja.chopra@example.com,Central,Monitor,Electronics,3,36000.0
104,2023-06-12,Rahul Mehta,rahul.mehta@example.com,Central,Monitor,Electronics,5,60000.0
131,2023-04-13,Ravi Chopra,ravi.chopra@example.com,Central,Monitor,Electronics,5,60000.0
145,2024-01-09,Priya Gupta,priya.gupta@example.com,Central,Monitor,Electronics,5,60000.0
147,2024-02-10,Sneha Kumar,sneha.kumar@example.com,Central,Monitor,Electronics,2,24000.0
175,2024-03-10,Rahul Sharma,rahul.sharma@example.com,Central,Monitor,Electronics,3,36000.0
203,2023-08-22,Amit Verma,amit.verma@example.com,Central,Monitor,Electronics,5,60000.0
357,2024-06-10,Sneha Iyer,sneha.iyer@example.com,Central,Monitor,Electronics,2,24000.0
362,2024-02-29,Priya Kumar,priya.kumar@example.com,Central,Monitor,Electronics,4,48000.0
385,2023-08-26,Pooja Gupta,pooja.gupta@example.com,Central,Monitor,Electronics,5,60000.0
415,2024-06-30,Neha Singh,neha.singh@example.com,Central,Monitor,Electronics,3,36000.0
426,2024-12-12,Neha Gupta,neha.gupta@example.com,Central,Monitor,Electronics,5,60000.0
464,2024-08-18,Sneha Verma,sneha.verma@example.com,Central,Monitor,Electronics,2,24000.0
506,2024-08-09,Rahul Mehta,rahul.mehta@example.com,Central,Monitor,Electronics,4,48000.0
562,2024-06-26,Priya Sharma,priya.sharma@example.com,Central,Monitor,Electronics,4,48000.0
691,2024-08-21,Simran Mehta,simran.mehta@example.com,Central,Monitor,Electronics,4,48000.0
701,2023-08-15,Neha Gupta,neha.gupta@example.com,Central,Monitor,Electronics,4,48000.0
740,2024-08-08,Ravi Mehta,ravi.mehta@example.com,Central,Monitor,Electronics,4,48000.0
780,2023-08-27,Sneha Mehta,sneha.mehta@example.com,Central,Monitor,Electronics,2,24000.0
826,2024-07-17,Priya Gupta,priya.gupta@example.com,Central,Monitor,Electronics,3,36000.0
915,2023-02-15,Ravi Sharma,ravi.sharma@example.com,Central,Monitor,Electronics,4,48000.0
969,2024-10-21,Sneha Kumar,sneha.kumar@example.com,Central,Monitor,Electronics,2,24000.0
984,2023-10-18,Neha Kumar,neha.kumar@example.com,Central,Monitor,Electronics,5,60000.0
999,2023-03-13,Ravi Iyer,ravi.iyer@example.com,Central,Monitor,Electronics,5,60000.0
35,2023-05-05,Amit Sharma,amit.sharma@example.com,West,Monitor,Electronics,3,36000.0
37,2023-09-28,Ravi Patel,ravi.patel@example.com,West,Monitor,Electronics,2,24000.0
114,2024-07-04,Karan Verma,karan.verma@example.com,West,Monitor,Electronics,2,24000.0
115,2024-09-24,Amit Singh,amit.singh@example.com,West,Monitor,Electronics,4,48000.0
123,2024-09-29,Amit Sharma,amit.sharma@example.com,West,Monitor,Electronics,1,12000.0
153,2024-09-07,Rahul Patel,rahul.patel@example.com,West,Monitor,Electronics,3,36000.0
173,2023-06-24,Karan Sharma,karan.sharma@example.com,West,Monitor,Electronics,5,60000.0
177,2023-10-20,Pooja Verma,pooja.verma@example.com,West,Monitor,Electronics,1,12000.0
241,2024-03-31,Amit Gupta,amit.gupta@example.com,West,Monitor,Electronics,2,24000.0
404,2023-03-14,Ravi Chopra,ravi.chopra@example.com,West,Monitor,Electronics,1,12000.0
439,2023-01-27,Sneha Mehta,sneha.mehta@example.com,West,Monitor,Electronics,3,36000.0
459,2023-12-28,Amit Chopra,amit.chopra@example.com,West,Monitor,Electronics,1,12000.0
466,2024-06-15,Amit Chopra,amit.chopra@example.com,West,Monitor,Electronics,4,48000.0
478,2024-06-16,Rahul Reddy,rahul.reddy@example.com,West,Monitor,Electronics,3,36000.0
495,2023-04-21,Pooja Verma,pooja.verma@example.com,West,Monitor,Electronics,3,36000.0
525,2023-06-13,Arjun Chopra,arjun.chopra@example.com,West,Monitor,Electronics,5,60000.0
526,2023-03-02,Arjun Sharma,arjun.sharma@example.com,West,Monitor,Electronics,1,12000.0
568,2024-05-10,Neha Kumar,neha.kumar@example.com,West,Monitor,Electronics,4,48000.0
571,2023-04-28,Ravi Iyer,ravi.iyer@example.com,West,Monitor,Electronics,4,48000.0
572,2023-04-18,Simran Iyer,simran.iyer@example.com,West,Monitor,Electronics,3,36000.0
638,2023-12-24,Ravi Iyer,ravi.iyer@example.com,West,Monitor,Electronics,3,36000.0
642,2023-07-10,Sneha Singh,sneha.singh@example.com,West,Monitor,Electronics,5,60000.0
652,2023-10-17,Sneha Singh,sneha.singh@example.com,West,Monitor,Electronics,4,48000.0
738,2023-12-16,Sneha Kumar,sneha.kumar@example.com,West,Monitor,Electronics,4,48000.0
760,2024-01-19,Amit Chopra,amit.chopra@example.com,West,Monitor,Electronics,1,12000.0
766,2023-02-21,Amit Chopra,amit.chopra@example.com,West,Monitor,Electronics,2,24000.0
835,2024-05-30,Pooja Chopra,pooja.chopra@example.com,West,Monitor,Electronics,5,60000.0
875,2023-08-04,Arjun Chopra,arjun.chopra@example.com,West,Monitor,Electronics,1,12000.0
997,2024-07-28,Simran Reddy,simran.reddy@example.com,West,Monitor,Electronics,4,48000.0
155,2024-07-04,Sneha Mehta,sneha.mehta@example.com,East,Monitor,Electronics,3,36000.0
186,2023-08-10,Neha Singh,neha.singh@example.com,East,Monitor,Electronics,1,12000.0
197,2023-08-22,Ravi Chopra,ravi.chopra@example.com,East,Monitor,Electronics,3,36000.0
202,2024-11-21,Arjun Chopra,arjun.chopra@example.com,East,Monitor,Electronics,5,60000.0
238,2023-05-23,Rahul Gupta,rahul.gupta@example.com,East,Monitor,Electronics,5,60000.0
240,2024-11-06,Neha Reddy,neha.reddy@example.com,East,Monitor,Electronics,2,24000.0
245,2023-10-30,Amit Sharma,amit.sharma@example.com,East,Monitor,Electronics,1,12000.0
252,2024-01-12,Amit Chopra,amit.chopra@example.com,East,Monitor,Electronics,1,12000.0
301,2023-05-09,Amit Singh,amit.singh@example.com,East,Monitor,Electronics,4,48000.0
370,2023-05-08,Priya Mehta,priya.mehta@example.com,East,Monitor,Electronics,5,60000.0
431,2024-07-30,Neha Singh,neha.singh@example.com,East,Monitor,Electronics,3,36000.0
462,2024-02-10,Amit Chopra,amit.chopra@example.com,East,Monitor,Electronics,5,60000.0
492,2023-07-11,Amit Sharma,amit.sharma@example.com,East,Monitor,Electronics,2,24000.0
494,2023-07-01,Neha Gupta,neha.gupta@example.com,East,Monitor,Electronics,1,12000.0
529,2024-10-18,Sneha Singh,sneha.singh@example.com,East,Monitor,Electronics,3,36000.0
697,2023-10-07,Neha Kumar,neha.kumar@example.com,East,Monitor,Electronics,4,48000.0
702,2024-05-31,Ravi Mehta,ravi.mehta@example.com,East,Monitor,Electronics,4,48000.0
733,2024-05-27,Arjun Chopra,arjun.chopra@example.com,East,Monitor,Electronics,4,48000.0
743,2023-05-18,Simran Kumar,simran.kumar@example.com,East,Monitor,Electronics,4,48000.0
772,2023-07-02,Sneha Reddy,sneha.reddy@example.com,East,Monitor,Electronics,4,48000.0
825,2024-01-22,Amit Gupta,amit.gupta@example.com,East,Monitor,Electronics,5,60000.0
841,2023-12-05,Arjun Patel,arjun.patel@example.com,East,Monitor,Electronics,1,12000.0
852,2024-02-27,Karan Sharma,karan.sharma@example.com,East,Monitor,Electronics,5,60000.0
881,2024-09-10,Amit Singh,amit.singh@example.com,East,Monitor,Electronics,2,24000.0
886,2024-12-23,Pooja Patel,pooja.patel@example.com,East,Monitor,Electronics,1,12000.0
887,2024-03-30,Karan Reddy,karan.reddy@example.com,East,Monitor,Electronics,5,60000.0
894,2023-02-20,Neha Patel,neha.patel@example.com,East,Monitor,Electronics,3,36000.0
932,2024-08-11,Simran Verma,simran.verma@example.com,East,Monitor,Electronics,5,60000.0
960,2024-05-25,Rahul Sharma,rahul.sharma@example.com,East,Monitor,Electronics,4,48000.0
994,2024-03-20,Arjun Kumar,arjun.kumar@example.com,East,Monitor,Electronics,4,48000.0
59,2023-01-18,Simran Gupta,simran.gupta@example.com,South,Monitor,Electronics,1,12000.0
78,2023-08-03,Karan Patel,karan.patel@example.com,South,Monitor,Electronics,1,12000.0
108,2023-12-21,Sneha Verma,sneha.verma@example.com,South,Monitor,Electronics,1,12000.0
116,2024-08-10,Arjun Chopra,arjun.chopra@example.com,South,Monitor,Electronics,5,60000.0
174,2024-08-16,Priya Chopra,priya.chopra@example.com,South,Monitor,Electronics,2,24000.0
200,2024-12-01,Rahul Kumar,rahul.kumar@example.com,South,Monitor,Electronics,3,36000.0
218,2023-03-31,Sneha Verma,sneha.verma@example.com,South,Monitor,Electronics,2,24000.0
300,2023-12-20,Karan Patel,karan.patel@example.com,South,Monitor,Electronics,4,48000.0
310,2023-03-27,Priya Kumar,priya.kumar@example.com,South,Monitor,Electronics,5,60000.0
381,2023-02-25,Amit Verma,amit.verma@example.com,South,Monitor,Electronics,2,24000.0
403,2023-05-12,Karan Verma,karan.verma@example.com,South,Monitor,Electronics,2,24000.0
453,2024-12-29,Simran Verma,simran.verma@example.com,South,Monitor,Electronics,2,24000.0
461,2024-12-25,Rahul Sharma,rahul.sharma@example.com,South,Monitor,Electronics,4,48000.0
532,2023-08-16,Pooja Chopra,pooja.chopra@example.com,South,Monitor,Electronics,3,36000.0
595,2024-06-19,Karan Reddy,karan.reddy@example.com,South,Monitor,Electronics,2,24000.0
601,2024-04-21,Sneha Kumar,sneha.kumar@example.com,South,Monitor,Electronics,3,36000.0
621,2024-07-21,Priya Chopra,priya.chopra@example.com,South,Monitor,Electronics,4,48000.0
646,2023-09-20,Arjun Kumar,arjun.kumar@example.com,South,Monitor,Electronics,2,24000.0
703,2023-06-25,Neha Verma,neha.verma@example.com,South,Monitor,Electronics,2,24000.0
710,2023-12-08,Ravi Verma,ravi.verma@example.com,South,Monitor,Electronics,2,24000.0
735,2024-04-10,Ravi Verma,ravi.verma@example.com,South,Monitor,Electronics,4,48000.0
786,2024-12-18,Neha Iyer,neha.iyer@example.com,South,Monitor,Electronics,1,12000.0
812,2024-02-15,Ravi Chopra,ravi.chopra@example.com,South,Monitor,Electronics,5,60000.0
822,2023-06-05,Pooja Chopra,pooja.chopra@example.com,South,Monitor,Electronics,4,48000.0
910,2024-03-21,Priya Kumar,priya.kumar@example.com,South,Monitor,Electronics,3,36000.0
942,2024-03-20,Simran Kumar,simran.kumar@example.com,South,Monitor,Electronics,2,24000.0
20,2023-06-30,Amit Sharma,amit.sharma@example.com,North,Monitor,Electronics,4,48000.0
164,2023-08-07,Sneha Singh,sneha.singh@example.com,North,Monitor,Electronics,4,48000.0
172,2024-09-02,Ravi Reddy,ravi.reddy@example.com,North,Monitor,Electronics,4,48000.0
243,2024-06-03,Neha Gupta,neha.gupta@example.com,North,Monitor,Electronics,5,60000.0
281,2024-03-04,Karan Verma,karan.verma@example.com,North,Monitor,Electronics,1,12000.0
344,2024-03-07,Pooja Chopra,pooja.chopra@example.com,North,Monitor,Electronics,2,24000.0
378,2023-12-18,Karan Kumar,karan.kumar@example.com,North,Monitor,Electronics,5,60000.0
393,2023-02-02,Priya Reddy,priya.reddy@example.com,North,Monitor,Electronics,1,12000.0
418,2023-08-08,Amit Chopra,amit.chopra@example.com,North,Monitor,Electronics,1,12000.0
438,2023-10-28,Rahul Gupta,rahul.gupta@example.com,North,Monitor,Electronics,5,60000.0
449,2024-07-06,Neha Sharma,neha.sharma@example.com,North,Monitor,Electronics,2,24000.0
567,2023-08-11,Neha Kumar,neha.kumar@example.com,North,Monitor,Electronics,1,12000.0
598,2024-01-01,Neha Iyer,neha.iyer@example.com,North,Monitor,Electronics,4,48000.0
632,2023-03-18,Karan Sharma,karan.sharma@example.com,North,Monitor,Electronics,1,12000.0
671,2024-09-15,Ravi Mehta,ravi.mehta@example.com,North,Monitor,Electronics,2,24000.0
685,2023-06-03,Ravi Sharma,ravi.sharma@example.com,North,Monitor,Electronics,5,60000.0
688,2023-02-15,Pooja Chopra,pooja.chopra@example.com,North,Monitor,Electronics,4,48000.0
756,2024-02-07,Karan Kumar,karan.kumar@example.com,North,Monitor,Electronics,3,36000.0
764,2024-05-11,Karan Singh,karan.singh@example.com,North,Monitor,Electronics,2,24000.0
798,2024-11-28,Sneha Reddy,sneha.reddy@example.com,North,Monitor,Electronics,2,24000.0
824,2024-03-04,Amit Sharma,amit.sharma@example.com,North,Monitor,Electronics,5,60000.0
840,2023-10-20,Neha Verma,neha.verma@example.com,North,Monitor,Electronics,2,24000.0
879,2024-10-06,Pooja Iyer,pooja.iyer@example.com,North,Monitor,Electronics,2,24000.0
955,2023-05-10,Ravi Reddy,ravi.reddy@example.com,North,Monitor,Electronics,5,60000.0
961,2024-12-24,Karan Singh,karan.singh@example.com,North,Monitor,Electronics,4,48000.0
22,2023-07-04,Arjun Kumar,arjun.kumar@example.com,Central,Keyboard,Accessories,4,6000.0
38,2023-06-16,Pooja Gupta,pooja.gupta@example.com,Central,Keyboard,Accessories,1,1500.0
41,2023-09-05,Simran Mehta,simran.mehta@example.com,Central,Keyboard,Accessories,3,4500.0
54,2024-07-02,Karan Verma,karan.verma@example.com,Central,Keyboard,Accessories,1,1500.0
64,2024-12-25,Karan Singh,karan.singh@example.com,Central,Keyboard,Accessories,4,6000.0
139,2024-09-16,Sneha Singh,sneha.singh@example.com,Central,Keyboard,Accessories,5,7500.0
157,2023-12-08,Priya Mehta,priya.mehta@example.com,Central,Keyboard,Accessories,2,3000.0
179,2024-04-27,Neha Verma,neha.verma@example.com,Central,Keyboard,Accessories,5,7500.0
212,2024-12-28,Priya Gupta,priya.gupta@example.com,Central,Keyboard,Accessories,3,4500.0
223,2024-02-13,Sneha Kumar,sneha.kumar@example.com,Central,Keyboard,Accessories,5,7500.0
248,2023-11-10,Neha Verma,neha.verma@example.com,Central,Keyboard,Accessories,2,3000.0
409,2023-08-15,Priya Chopra,priya.chopra@example.com,Central,Keyboard,Accessories,5,7500.0
422,2024-12-30,Priya Sharma,priya.sharma@example.com,Central,Keyboard,Accessories,3,4500.0
530,2023-07-17,Karan Singh,karan.singh@example.com,Central,Keyboard,Accessories,4,6000.0
585,2024-05-31,Pooja Verma,pooja.verma@example.com,Central,Keyboard,Accessories,2,3000.0
605,2024-12-28,Sneha Mehta,sneha.mehta@example.com,Central,Keyboard,Accessories,3,4500.0
608,2024-05-25,Sneha Singh,sneha.singh@example.com,Central,Keyboard,Accessories,5,7500.0
658,2024-05-23,Sneha Iyer,sneha.iyer@example.com,Central,Keyboard,Accessories,5,7500.0
700,2024-06-22,Karan Singh,karan.singh@example.com,Central,Keyboard,Accessories,2,3000.0
722,2024-01-21,Neha Patel,neha.patel@example.com,Central,Keyboard,Accessories,1,1500.0
773,2023-09-29,Amit Gupta,amit.gupta@example.com,Central,Keyboard,Accessories,5,7500.0
847,2023-11-13,Amit Singh,amit.singh@example.com,Central,Keyboard,Accessories,3,4500.0
854,2023-08-25,Karan Singh,karan.singh@example.com,Central,Keyboard,Accessories,5,7500.0
860,2023-11-17,Sneha Reddy,sneha.reddy@example.com,Central,Keyboard,Accessories,1,1500.0
868,2024-05-14,Rahul Sharma,rahul.sharma@example.com,Central,Keyboard,Accessories,5,7500.0
880,2024-08-25,Amit Singh,amit.singh@example.com,Central,Keyboard,Accessories,4,6000.0
982,2024-04-25,Rahul Kumar,rahul.kumar@example.com,Central,Keyboard,Accessories,5,7500.0
23,2024-04-23,Sneha Kumar,sneha.kumar@example.com,West,Keyboard,Accessories,1,1500.0
158,2024-10-12,Priya Chopra,priya.chopra@example.com,West,Keyboard,Accessories,3,4500.0
204,2023-03-21,Neha Kumar,neha.kumar@example.com,West,Keyboard,Accessories,4,6000.0
225,2024-03-06,Simran Singh,simran.singh@example.com,West,Keyboard,Accessories,4,6000.0
234,2024-09-26,Pooja Reddy,pooja.reddy@example.com,West,Keyboard,Accessories,2,3000.0
269,2023-05-10,Ravi Sharma,ravi.sharma@example.com,West,Keyboard,Accessories,5,7500.0
307,2024-09-09,Sneha Reddy,sneha.reddy@example.com,West,Keyboard,Accessories,1,1500.0
353,2024-03-03,Karan Singh,karan.singh@example.com,West,Keyboard,Accessories,5,7500.0
377,2024-09-14,Simran Gupta,simran.gupta@example.com,West,Keyboard,Accessories,2,3000.0
379,2024-07-18,Pooja Iyer,pooja.iyer@example.com,West,Keyboard,Accessories,5,7500.0
433,2023-11-25,Rahul Sharma,rahul.sharma@example.com,West,Keyboard,Accessories,5,7500.0
551,2023-10-13,Karan Kumar,karan.kumar@example.com,West,Keyboard,Accessories,1,1500.0
558,2023-05-30,Amit Chopra,amit.chopra@example.com,West,Keyboard,Accessories,1,1500.0
573,2024-05-26,Rahul Reddy,rahul.reddy@example.com,West,Keyboard,Accessories,3,4500.0
720,2023-10-09,Sneha Reddy,sneha.reddy@example.com,West,Keyboard,Accessories,2,3000.0
776,2024-08-13,Arjun Patel,arjun.patel@example.com,West,Keyboard,Accessories,5,7500.0
791,2023-05-12,Arjun Kumar,arjun.kumar@example.com,West,Keyboard,Accessories,4,6000.0
796,2023-06-18,Ravi Chopra,ravi.chopra@example.com,West,Keyboard,Accessories,2,3000.0
813,2024-09-30,Amit Verma,amit.verma@example.com,West,Keyboard,Accessories,1,1500.0
870,2023-01-10,Rahul Kumar,rahul.kumar@example.com,West,Keyboard,Accessories,4,6000.0
883,2023-01-07,Karan Singh,karan.singh@example.com,West,Keyboard,Accessories,5,7500.0
893,2023-01-23,Priya Gupta,priya.gupta@example.com,West,Keyboard,Accessories,1,1500.0
905,2024-07-30,Ravi Singh,ravi.singh@example.com,West,Keyboard,Accessories,4,6000.0
945,2023-02-24,Simran Kumar,simran.kumar@example.com,West,Keyboard,Accessories,2,3000.0
980,2023-05-19,Simran Mehta,simran.mehta@example.com,West,Keyboard,Accessories,1,1500.0
998,2024-11-02,Arjun Chopra,arjun.chopra@example.com,West,Keyboard,Accessories,1,1500.0
1000,2023-10-27,Karan Verma,karan.verma@example.com,West,Keyboard,Accessories,2,3000.0
184,2023-07-11,Rahul Kumar,rahul.kumar@example.com,East,Keyboard,Accessories,5,7500.0
232,2023-02-08,Priya Sharma,priya.sharma@example.com,East,Keyboard,Accessories,4,6000.0
259,2023-08-01,Neha Kumar,neha.kumar@example.com,East,Keyboard,Accessories,5,7500.0
355,2023-11-02,Simran Iyer,simran.iyer@example.com,East,Keyboard,Accessories,5,7500.0
429,2023-04-04,Rahul Sharma,rahul.sharma@example.com,East,Keyboard,Accessories,3,4500.0
445,2023-11-09,Karan Verma,karan.verma@example.com,East,Keyboard,Accessories,3,4500.0
509,2024-04-19,Sneha Singh,sneha.singh@example.com,East,Keyboard,Accessories,3,4500.0
514,2024-08-11,Sneha Reddy,sneha.reddy@example.com,East,Keyboard,Accessories,5,7500.0
557,2024-11-15,Sneha Singh,sneha.singh@example.com,East,Keyboard,Accessories,1,1500.0
616,2023-08-13,Arjun Verma,arjun.verma@example.com,East,Keyboard,Accessories,1,1500.0
645,2023-12-28,Ravi Mehta,ravi.mehta@example.com,East,Keyboard,Accessories,5,7500.0
656,2024-08-07,Neha Sharma,neha.sharma@example.com,East,Keyboard,Accessories,2,3000.0
815,2023-08-13,Rahul Sharma,rahul.sharma@example.com,East,Keyboard,Accessories,1,1500.0
926,2024-02-13,Neha Verma,neha.verma@example.com,East,Keyboard,Accessories,3,4500.0
931,2023-12-06,Amit Gupta,amit.gupta@example.com,East,Keyboard,Accessories,1,1500.0
939,2023-12-24,Priya Kumar,priya.kumar@example.com,East,Keyboard,Accessories,4,6000.0
987,2023-02-27,Karan Singh,karan.singh@example.com,East,Keyboard,Accessories,1,1500.0
26,2024-03-15,Ravi Singh,ravi.singh@example.com,South,Keyboard,Accessories,2,3000.0
75,2023-12-02,Amit Sharma,amit.sharma@example.com,South,Keyboard,Accessories,2,3000.0
82,2023-12-01,Neha Verma,neha.verma@example.com,South,Keyboard,Accessories,2,3000.0
87,2024-04-20,Ravi Chopra,ravi.chopra@example.com,South,Keyboard,Accessories,5,7500.0
88,2024-10-17,Rahul Gupta,rahul.gupta@example.com,South,Keyboard,Accessories,1,1500.0
100,2023-05-26,Amit Chopra,amit.chopra@example.com,South,Keyboard,Accessories,5,7500.0
125,2023-11-04,Amit Verma,amit.verma@example.com,South,Keyboard,Accessories,4,6000.0
138,2024-04-21,Pooja Chopra,pooja.chopra@example.com,South,Keyboard,Accessories,3,4500.0
198,2024-01-09,Ravi Reddy,ravi.reddy@example.com,South,Keyboard,Accessories,1,1500.0
206,2024-11-04,Neha Patel,neha.patel@example.com,South,Keyboard,Accessories,4,6000.0
221,2023-01-01,Sneha Singh,sneha.singh@example.com,South,Keyboard,Accessories,1,1500.0
227,2024-05-03,Amit Chopra,amit.chopra@example.com,South,Keyboard,Accessories,1,1500.0
237,2024-07-30,Pooja Chopra,pooja.chopra@example.com,South,Keyboard,Accessories,5,7500.0
298,2023-08-12,Karan Singh,karan.singh@example.com,South,Keyboard,Accessories,4,6000.0
347,2023-02-20,Priya Chopra,priya.chopra@example.com,South,Keyboard,Accessories,2,3000.0
363,2024-11-14,Amit Singh,amit.singh@example.com,South,Keyboard,Accessories,3,4500.0
405,2024-04-29,Pooja Gupta,pooja.gupta@example.com,South,Keyboard,Accessories,4,6000.0
596,2023-06-19,Neha Kumar,neha.kumar@example.com,South,Keyboard,Accessories,2,3000.0
613,2024-10-27,Priya Mehta,priya.mehta@example.com,South,Keyboard,Accessories,1,1500.0
694,2023-11-08,Neha Verma,neha.verma@example.com,South,Keyboard,Accessories,2,3000.0
908,2023-08-23,Amit Sharma,amit.sharma@example.com,South,Keyboard,Accessories,1,1500.0
916,2024-02-20,Sneha Reddy,sneha.reddy@example.com,South,Keyboard,Accessories,1,1500.0
941,2024-06-13,Rahul Sharma,rahul.sharma@example.com,South,Keyboard,Accessories,2,3000.0
958,2023-08-26,Neha Sharma,neha.sharma@example.com,South,Keyboard,Accessories,3,4500.0
985,2023-11-29,Pooja Gupta,pooja.gupta@example.com,South,Keyboard,Accessories,4,6000.0
18,2023-11-05,Ravi Singh,ravi.singh@example.com,North,Keyboard,Accessories,3,4500.0
111,2023-11-25,Arjun Kumar,arjun.kumar@example.com,North,Keyboard,Accessories,1,1500.0
167,2023-10-12,Priya Sharma,priya.sharma@example.com,North,Keyboard,Accessories,2,3000.0
267,2023-11-20,Karan Sharma,karan.sharma@example.com,North,Keyboard,Accessories,5,7500.0
483,2024-12-16,Ravi Chopra,ravi.chopra@example.com,North,Keyboard,Accessories,3,4500.0
496,2024-12-25,Pooja Chopra,pooja.chopra@example.com,North,Keyboard,Accessories,2,3000.0
528,2023-07-16,Arjun Patel,arjun.patel@example.com,North,Keyboard,Accessories,1,1500.0
546,2024-10-11,Simran Gupta,simran.gupta@example.com,North,Keyboard,Accessories,1,1500.0
555,2023-03-19,Amit Verma,amit.verma@example.com,North,Keyboard,Accessories,2,3000.0
556,2024-09-04,Priya Sharma,priya.sharma@example.com,North,Keyboard,Accessories,5,7500.0
583,2024-01-13,Pooja Gupta,pooja.gupta@example.com,North,Keyboard,Accessories,5,7500.0
657,2024-03-07,Karan Singh,karan.singh@example.com,North,Keyboard,Accessories,4,6000.0
672,2023-03-29,Amit Verma,amit.verma@example.com,North,Keyboard,Accessories,4,6000.0
783,2024-11-12,Priya Chopra,priya.chopra@example.com,North,Keyboard,Accessories,4,6000.0
790,2024-09-05,Ravi Verma,ravi.verma@example.com,North,Keyboard,Accessories,3,4500.0
827,2023-09-11,Pooja Chopra,pooja.chopra@example.com,North,Keyboard,Accessories,2,3000.0
885,2023-11-16,Neha Verma,neha.verma@example.com,North,Keyboard,Accessories,4,6000.0
898,2023-04-01,Karan Kumar,karan.kumar@example.com,North,Keyboard,Accessories,5,7500.0
952,2023-12-02,Neha Patel,neha.patel@example.com,North,Keyboard,Accessories,5,7500.0
1,2023-11-23,Priya Gupta,priya.gupta@example.com,Central,Mouse,Accessories,5,2100.0
39,2023-12-08,Pooja Chopra,pooja.chopra@example.com,Central,Mouse,Accessories,1,700.0
79,2024-11-21,Rahul Sharma,rahul.sharma@example.com,Central,Mouse,Accessories,5,3500.0
93,2024-09-09,Neha Singh,neha.singh@example.com,Central,Mouse,Accessories,4,2800.0
113,2023-08-13,Neha Kumar,neha.kumar@example.com,Central,Mouse,Accessories,4,2800.0
120,2023-01-08,Ravi Reddy,ravi.reddy@example.com,Central,Mouse,Accessories,5,3500.0
159,2024-02-04,Ravi Reddy,ravi.reddy@example.com,Central,Mouse,Accessories,5,3500.0
168,2024-03-04,Neha Gupta,neha.gupta@example.com,Central,Mouse,Accessories,1,700.0
180,2024-05-27,Pooja Kumar,pooja.kumar@example.com,Central,Mouse,Accessories,2,1400.0
277,2024-02-06,Ravi Sharma,ravi.sharma@example.com,Central,Mouse,Accessories,4,2800.0
339,2024-03-28,Priya Chopra,priya.chopra@example.com,Central,Mouse,Accessories,4,2800.0
348,2023-03-15,Pooja Chopra,pooja.chopra@example.com,Central,Mouse,Accessories,2,1400.0
384,2024-03-06,Sneha Verma,sneha.verma@example.com,Central,Mouse,Accessories,4,2800.0
413,2024-04-07,Simran Verma,simran.verma@example.com,Central,Mouse,Accessories,3,2100.0
446,2023-08-10,Simran Verma,simran.verma@example.com,Central,Mouse,Accessories,5,3500.0
454,2024-03-23,Rahul Sharma,rahul.sharma@example.com,Central,Mouse,Accessories,4,2800.0
576,2024-02-11,Amit Sharma,amit.sharma@example.com,Central,Mouse,Accessories,1,700.0
607,2023-10-13,Pooja Chopra,pooja.chopra@example.com,Central,Mouse,Accessories,2,1400.0
612,2024-08-30,Ravi Sharma,ravi.sharma@example.com,Central,Mouse,Accessories,5,3500.0
650,2023-01-18,Neha Kumar,neha.kumar@example.com,Central,Mouse,Accessories,2,1400.0
666,2024-08-25,Simran Kumar,simran.kumar@example.com,Central,Mouse,Accessories,5,3500.0
742,2023-04-29,Rahul Mehta,rahul.mehta@example.com,Central,Mouse,Accessories,4,2800.0
753,2024-10-14,Neha Verma,neha.verma@example.com,Central,Mouse,Accessories,5,3500.0
781,2024-01-14,Amit Verma,amit.verma@example.com,Central,Mouse,Accessories,4,2800.0
843,2024-04-14,Simran Singh,simran.singh@example.com,Central,Mouse,Accessories,5,3500.0
858,2023-07-07,Pooja Gupta,pooja.gupta@example.com,Central,Mouse,Accessories,3,2100.0
873,2023-06-28,Sneha Kumar,sneha.kumar@example.com,Central,Mouse,Accessories,1,700.0
899,2024-01-01,Pooja Reddy,pooja.reddy@example.com,Central,Mouse,Accessories,3,2100.0
975,2023-12-02,Neha Singh,neha.singh@example.com,Central,Mouse,Accessories,1,700.0
11,2023-11-03,Pooja Chopra,pooja.chopra@example.com,West,Mouse,Accessories,2,1400.0
14,2024-01-06,Rahul Sharma,rahul.sharma@example.com,West,Mouse,Accessories,1,700.0
28,2024-02-25,Karan Reddy,karan.reddy@example.com,West,Mouse,Accessories,1,700.0
124,2023-07-03,Ravi Singh,ravi.singh@example.com,West,Mouse,Accessories,5,3500.0
148,2024-09-22,Ravi Patel,ravi.patel@example.com,West,Mouse,Accessories,2,1400.0
191,2023-05-22,Simran Gupta,simran.gupta@example.com,West,Mouse,Accessories,4,2800.0
192,2023-03-16,Ravi Verma,ravi.verma@example.com,West,Mouse,Accessories,5,3500.0
201,2023-06-11,Ravi Reddy,ravi.reddy@example.com,West,Mouse,Accessories,3,2100.0
294,2024-01-20,Priya Kumar,priya.kumar@example.com,West,Mouse,Accessories,5,3500.0
308,2023-10-15,Amit Chopra,amit.chopra@example.com,West,Mouse,Accessories,5,3500.0
317,2023-12-27,Amit Verma,amit.verma@example.com,West,Mouse,Accessories,4,2800.0
364,2024-09-22,Ravi Patel,ravi.patel@example.com,West,Mouse,Accessories,5,3500.0
367,2024-02-03,Sneha Iyer,sneha.iyer@example.com,West,Mouse,Accessories,5,3500.0
372,2023-02-24,Ravi Sharma,ravi.sharma@example.com,West,Mouse,Accessories,4,2800.0
515,2023-05-07,Ravi Reddy,ravi.reddy@example.com,West,Mouse,Accessories,2,1400.0
517,2023-12-17,Amit Patel,amit.patel@example.com,West,Mouse,Accessories,4,2800.0
575,2023-05-20,Priya Kumar,priya.kumar@example.com,West,Mouse,Accessories,4,2800.0
679,2023-08-24,Sneha Mehta,sneha.mehta@example.com,West,Mouse,Accessories,4,2800.0
714,2024-10-10,Amit Patel,amit.patel@example.com,West,Mouse,Accessories,5,3500.0
765,2024-04-18,Arjun Verma,arjun.verma@example.com,West,Mouse,Accessories,3,2100.0
775,2024-08-05,Pooja Chopra,pooja.chopra@example.com,West,Mouse,Accessories,2,1400.0
804,2023-04-15,Ravi Reddy,ravi.reddy@example.com,West,Mouse,Accessories,2,1400.0
838,2024-09-30,Neha Singh,neha.singh@example.com,West,Mouse,Accessories,4,2800.0
842,2024-07-07,Simran Mehta,simran.mehta@example.com,West,Mouse,Accessories,2,1400.0
849,2024-08-17,Amit Gupta,amit.gupta@example.com,West,Mouse,Accessories,4,2800.0
882,2023-11-30,Amit Singh,amit.singh@example.com,West,Mouse,Accessories,5,3500.0
966,2024-02-09,Rahul Reddy,rahul.reddy@example.com,West,Mouse,Accessories,1,700.0
972,2024-04-15,Amit Chopra,amit.chopra@example.com,West,Mouse,Accessories,3,2100.0
32,2023-09-21,Ravi Mehta,ravi.mehta@example.com,East,Mouse,Accessories,4,2800.0
49,2023-09-30,Ravi Sharma,ravi.sharma@example.com,East,Mouse,Accessories,3,2100.0
107,2024-07-02,Pooja Chopra,pooja.chopra@example.com,East,Mouse,Accessories,2,1400.0
140,2024-10-12,Rahul Patel,rahul.patel@example.com,East,Mouse,Accessories,3,2100.0
208,2024-06-15,Pooja Iyer,pooja.iyer@example.com,East,Mouse,Accessories,2,1400.0
260,2023-07-08,Sneha Reddy,sneha.reddy@example.com,East,Mouse,Accessories,5,3500.0
287,2024-01-05,Amit Chopra,amit.chopra@example.com,East,Mouse,Accessories,4,2800.0
305,2024-12-10,Priya Reddy,priya.reddy@example.com,East,Mouse,Accessories,5,3500.0
380,2023-08-05,Karan Sharma,karan.sharma@example.com,East,Mouse,Accessories,3,2100.0
388,2024-02-12,Amit Sharma,amit.sharma@example.com,East,Mouse,Accessories,1,700.0
397,2024-04-07,Amit Patel,amit.patel@example.com,East,Mouse,Accessories,5,3500.0
424,2024-07-24,Pooja Gupta,pooja.gupta@example.com,East,Mouse,Accessories,1,700.0
574,2024-09-20,Ravi Reddy,ravi.reddy@example.com,East,Mouse,Accessories,1,700.0
715,2024-07-16,Arjun Sharma,arjun.sharma@example.com,East,Mouse,Accessories,2,1400.0
748,2023-08-06,Simran Gupta,simran.gupta@example.com,East,Mouse,Accessories,3,2100.0
749,2023-11-15,Sneha Iyer,sneha.iyer@example.com,East,Mouse,Accessories,5,3500.0
814,2024-06-02,Amit Verma,amit.verma@example.com,East,Mouse,Accessories,3,2100.0
964,2023-01-07,Amit Sharma,amit.sharma@example.com,East,Mouse,Accessories,2,1400.0
979,2023-05-30,Amit Chopra,amit.chopra@example.com,East,Mouse,Accessories,2,1400.0
126,2023-09-27,Ravi Mehta,ravi.mehta@example.com,South,Mouse,Accessories,1,700.0
190,2024-10-09,Pooja Reddy,pooja.reddy@example.com,South,Mouse,Accessories,1,700.0
247,2023-01-23,Sneha Verma,sneha.verma@example.com,South,Mouse,Accessories,5,3500.0
341,2023-06-29,Pooja Reddy,pooja.reddy@example.com,South,Mouse,Accessories,5,3500.0
375,2023-05-07,Simran Iyer,simran.iyer@example.com,South,Mouse,Accessories,3,2100.0
383,2024-12-26,Sneha Singh,sneha.singh@example.com,South,Mouse,Accessories,2,1400.0
420,2023-02-25,Amit Chopra,amit.chopra@example.com,South,Mouse,Accessories,3,2100.0
442,2024-04-16,Sneha Kumar,sneha.kumar@example.com,South,Mouse,Accessories,3,2100.0
451,2023-01-29,Neha Iyer,neha.iyer@example.com,South,Mouse,Accessories,1,700.0
465,2024-06-14,Karan Reddy,karan.reddy@example.com,South,Mouse,Accessories,5,3500.0
482,2024-03-24,Pooja Iyer,pooja.iyer@example.com,South,Mouse,Accessories,5,3500.0
493,2024-09-26,Sneha Reddy,sneha.reddy@example.com,South,Mouse,Accessories,4,2800.0
524,2024-02-29,Amit Verma,amit.verma@example.com,South,Mouse,Accessories,5,3500.0
569,2024-03-13,Sneha Reddy,sneha.reddy@example.com,South,Mouse,Accessories,4,2800.0
577,2024-04-17,Sneha Kumar,sneha.kumar@example.com,South,Mouse,Accessories,3,2100.0
625,2024-08-14,Simran Singh,simran.singh@example.com,South,Mouse,Accessories,4,2800.0
713,2024-06-07,Ravi Sharma,ravi.sharma@example.com,South,Mouse,Accessories,2,1400.0
729,2023-06-23,Arjun Chopra,arjun.chopra@example.com,South,Mouse,Accessories,3,2100.0
737,2024-06-10,Rahul Gupta,rahul.gupta@example.com,South,Mouse,Accessories,5,3500.0
754,2024-08-23,Sneha Kumar,sneha.kumar@example.com,South,Mouse,Accessories,4,2800.0
802,2023-11-03,Arjun Verma,arjun.verma@example.com,South,Mouse,Accessories,3,2100.0
803,2023-03-26,Pooja Kumar,pooja.kumar@example.com,South,Mouse,Accessories,1,700.0
874,2023-01-02,Ravi Reddy,ravi.reddy@example.com,South,Mouse,Accessories,1,700.0
877,2023-05-22,Rahul Kumar,rahul.kumar@example.com,South,Mouse,Accessories,1,700.0
878,2023-02-25,Rahul Gupta,rahul.gupta@example.com,South,Mouse,Accessories,2,1400.0
967,2024-06-27,Priya Mehta,priya.mehta@example.com,South,Mouse,Accessories,3,2100.0
970,2023-11-07,Pooja Iyer,pooja.iyer@example.com,South,Mouse,Accessories,4,2800.0
996,2024-11-19,Amit Sharma,amit.sharma@example.com,South,Mouse,Accessories,4,2800.0
189,2024-10-31,Sneha Verma,sneha.verma@example.com,North,Mouse,Accessories,4,2800.0
228,2023-03-07,Neha Patel,neha.patel@example.com,North,Mouse,Accessories,1,700.0
235,2024-06-12,Ravi Singh,ravi.singh@example.com,North,Mouse,Accessories,2,1400.0
257,2024-05-11,Pooja Reddy,pooja.reddy@example.com,North,Mouse,Accessories,3,2100.0
302,2023-08-07,Neha Reddy,neha.reddy@example.com,North,Mouse,Accessories,5,3500.0
328,2024-12-14,Sneha Verma,sneha.verma@example.com,North,Mouse,Accessories,4,2800.0
329,2024-10-20,Sneha Kumar,sneha.kumar@example.com,North,Mouse,Accessories,2,1400.0
373,2023-12-13,Neha Verma,neha.verma@example.com,North,Mouse,Accessories,5,3500.0
390,2024-09-08,Sneha Reddy,sneha.reddy@example.com,North,Mouse,Accessories,5,3500.0
401,2023-12-27,Sneha Reddy,sneha.reddy@example.com,North,Mouse,Accessories,3,2100.0
458,2024-06-20,Rahul Mehta,rahul.mehta@example.com,North,Mouse,Accessories,2,1400.0
473,2024-12-03,Amit Sharma,amit.sharma@example.com,North,Mouse,Accessories,1,700.0
485,2024-05-18,Ravi Singh,ravi.singh@example.com,North,Mouse,Accessories,4,2800.0
498,2024-09-21,Karan Kumar,karan.kumar@example.com,North,Mouse,Accessories,1,700.0
521,2024-01-19,Karan Sharma,karan.sharma@example.com,North,Mouse,Accessories,4,2800.0
549,2023-03-05,Amit Verma,amit.verma@example.com,North,Mouse,Accessories,5,3500.0
570,2023-05-05,Neha Kumar,neha.kumar@example.com,North,Mouse,Accessories,3,2100.0
586,2024-11-02,Priya Chopra,priya.chopra@example.com,North,Mouse,Accessories,1,700.0
708,2024-12-02,Arjun Chopra,arjun.chopra@example.com,North,Mouse,Accessories,5,3500.0
717,2024-03-12,Amit Verma,amit.verma@example.com,North,Mouse,Accessories,2,1400.0
723,2023-11-14,Ravi Chopra,ravi.chopra@example.com,North,Mouse,Accessories,5,3500.0
727,2023-12-18,Sneha Kumar,sneha.kumar@example.com,North,Mouse,Accessories,4,2800.0
779,2024-11-17,Arjun Verma,arjun.verma@example.com,North,Mouse,Accessories,3,2100.0
